model,mean_fit_time,std_fit_time,mean_score_time,std_score_time,params,mean_test_score,std_test_score,rank_test_score
logreg,1.5098416805267334,0.02104773127181903,0.3436125755310059,0.00658544518649311,"{'clf__C': 0.01, 'clf__l1_ratio': 0.0, 'vect__max_df': 0.9, 'vect__min_df': 2, 'vect__ngram_range': (1, 1)}",0.5392753723143882,0.021841932933998165,7
logreg,2.9464795112609865,0.03480291949741751,0.5202524185180664,0.010383303109122595,"{'clf__C': 0.01, 'clf__l1_ratio': 0.0, 'vect__max_df': 0.9, 'vect__min_df': 2, 'vect__ngram_range': (1, 2)}",0.5365833352704218,0.023191906854858387,17
logreg,4.09545259475708,0.07101988488078546,0.6547049522399903,0.028646944538025427,"{'clf__C': 0.01, 'clf__l1_ratio': 0.0, 'vect__max_df': 0.9, 'vect__min_df': 2, 'vect__ngram_range': (1, 3)}",0.5363038921019252,0.02320963326123865,21
logreg,1.6189783573150636,0.05628931187363271,0.36213226318359376,0.017170330171029997,"{'clf__C': 0.01, 'clf__l1_ratio': 0.0, 'vect__max_df': 0.9, 'vect__min_df': 5, 'vect__ngram_range': (1, 1)}",0.5395655979093137,0.021721627653547848,5
logreg,2.416455841064453,0.05100990847216821,0.46885480880737307,0.012541173330299677,"{'clf__C': 0.01, 'clf__l1_ratio': 0.0, 'vect__max_df': 0.9, 'vect__min_df': 5, 'vect__ngram_range': (1, 2)}",0.5361867149073984,0.02291403237052213,23
logreg,3.2603798389434813,0.057785442449482825,0.5823685646057128,0.02651428333653279,"{'clf__C': 0.01, 'clf__l1_ratio': 0.0, 'vect__max_df': 0.9, 'vect__min_df': 5, 'vect__ngram_range': (1, 3)}",0.5358411846808722,0.022885497657667998,27
logreg,1.4463454723358153,0.008107298121146661,0.3299715518951416,0.006759257546408325,"{'clf__C': 0.01, 'clf__l1_ratio': 0.0, 'vect__max_df': 0.95, 'vect__min_df': 2, 'vect__ngram_range': (1, 1)}",0.5392753723143882,0.021841932933998165,7
logreg,2.6554789543151855,0.02528347044716671,0.48200373649597167,0.009553651619633046,"{'clf__C': 0.01, 'clf__l1_ratio': 0.0, 'vect__max_df': 0.95, 'vect__min_df': 2, 'vect__ngram_range': (1, 2)}",0.5365833352704218,0.023191906854858387,17
logreg,3.8111824989318848,0.07579264185883122,0.6067775249481201,0.012446921767231006,"{'clf__C': 0.01, 'clf__l1_ratio': 0.0, 'vect__max_df': 0.95, 'vect__min_df': 2, 'vect__ngram_range': (1, 3)}",0.5363038921019252,0.02320963326123865,21
logreg,1.4514723777770997,0.0059439184876971226,0.33223137855529783,0.0040521331594393336,"{'clf__C': 0.01, 'clf__l1_ratio': 0.0, 'vect__max_df': 0.95, 'vect__min_df': 5, 'vect__ngram_range': (1, 1)}",0.5395655979093137,0.021721627653547848,5
logreg,2.3344382286071776,0.06400731430806851,0.47337946891784666,0.026064335861076877,"{'clf__C': 0.01, 'clf__l1_ratio': 0.0, 'vect__max_df': 0.95, 'vect__min_df': 5, 'vect__ngram_range': (1, 2)}",0.5361867149073984,0.02291403237052213,23
logreg,3.5530656814575194,0.09240535103543646,0.632378625869751,0.04741888356496539,"{'clf__C': 0.01, 'clf__l1_ratio': 0.0, 'vect__max_df': 0.95, 'vect__min_df': 5, 'vect__ngram_range': (1, 3)}",0.5358411846808722,0.022885497657667998,27
logreg,0.0836801528930664,0.009506661057017494,0.3405346393585205,0.008808314276239763,"{'clf__C': 0.01, 'clf__l1_ratio': 1.0, 'vect__max_df': 0.9, 'vect__min_df': 2, 'vect__ngram_range': (1, 1)}",0.5,0.0,97
logreg,0.23897967338562012,0.008622300444004026,0.4876407623291016,0.010903858960798658,"{'clf__C': 0.01, 'clf__l1_ratio': 1.0, 'vect__max_df': 0.9, 'vect__min_df': 2, 'vect__ngram_range': (1, 2)}",0.5,0.0,97
logreg,0.27825236320495605,0.003926571397062086,0.5906686782836914,0.021205150827600345,"{'clf__C': 0.01, 'clf__l1_ratio': 1.0, 'vect__max_df': 0.9, 'vect__min_df': 2, 'vect__ngram_range': (1, 3)}",0.5,0.0,97
logreg,0.07081060409545899,0.0020357488309464236,0.336485767364502,0.005840944298625851,"{'clf__C': 0.01, 'clf__l1_ratio': 1.0, 'vect__max_df': 0.9, 'vect__min_df': 5, 'vect__ngram_range': (1, 1)}",0.5,0.0,97
logreg,0.1165238857269287,0.014055187357295263,0.460321044921875,0.021380887775429177,"{'clf__C': 0.01, 'clf__l1_ratio': 1.0, 'vect__max_df': 0.9, 'vect__min_df': 5, 'vect__ngram_range': (1, 2)}",0.5,0.0,97
logreg,0.11788706779479981,0.004414527701462451,0.5238425254821777,0.02621161944773612,"{'clf__C': 0.01, 'clf__l1_ratio': 1.0, 'vect__max_df': 0.9, 'vect__min_df': 5, 'vect__ngram_range': (1, 3)}",0.5,0.0,97
logreg,0.07743420600891113,0.002006362000954399,0.35795159339904786,0.013484683844603341,"{'clf__C': 0.01, 'clf__l1_ratio': 1.0, 'vect__max_df': 0.95, 'vect__min_df': 2, 'vect__ngram_range': (1, 1)}",0.5,0.0,97
logreg,0.23260188102722168,0.007308032861703838,0.4818726539611816,0.008174006029353767,"{'clf__C': 0.01, 'clf__l1_ratio': 1.0, 'vect__max_df': 0.95, 'vect__min_df': 2, 'vect__ngram_range': (1, 2)}",0.5,0.0,97
logreg,0.27505125999450686,0.005228075309099297,0.571779727935791,0.011797891126832251,"{'clf__C': 0.01, 'clf__l1_ratio': 1.0, 'vect__max_df': 0.95, 'vect__min_df': 2, 'vect__ngram_range': (1, 3)}",0.5,0.0,97
logreg,0.06732959747314453,0.0014224382710626574,0.33744397163391116,0.008347266983927302,"{'clf__C': 0.01, 'clf__l1_ratio': 1.0, 'vect__max_df': 0.95, 'vect__min_df': 5, 'vect__ngram_range': (1, 1)}",0.5,0.0,97
logreg,0.10806975364685059,0.0021637229649189974,0.43111476898193357,0.00967235524870046,"{'clf__C': 0.01, 'clf__l1_ratio': 1.0, 'vect__max_df': 0.95, 'vect__min_df': 5, 'vect__ngram_range': (1, 2)}",0.5,0.0,97
logreg,0.11360487937927247,0.0018794381864356763,0.5057973384857177,0.009284713027344342,"{'clf__C': 0.01, 'clf__l1_ratio': 1.0, 'vect__max_df': 0.95, 'vect__min_df': 5, 'vect__ngram_range': (1, 3)}",0.5,0.0,97
logreg,0.090869140625,0.007199783982362877,0.3414752006530762,0.013313755662021375,"{'clf__C': 0.1, 'clf__l1_ratio': 0.0, 'vect__max_df': 0.9, 'vect__min_df': 2, 'vect__ngram_range': (1, 1)}",0.5398455089921164,0.022301547450916774,3
logreg,0.26110520362854006,0.007486652754508187,0.4839023113250732,0.010742814674106088,"{'clf__C': 0.1, 'clf__l1_ratio': 0.0, 'vect__max_df': 0.9, 'vect__min_df': 2, 'vect__ngram_range': (1, 2)}",0.5369302744876459,0.023462290956391504,9
logreg,0.311816930770874,0.0026518474525071777,0.5945565700531006,0.019801219450649037,"{'clf__C': 0.1, 'clf__l1_ratio': 0.0, 'vect__max_df': 0.9, 'vect__min_df': 2, 'vect__ngram_range': (1, 3)}",0.5366900778651681,0.023370053512479748,13
logreg,0.08076643943786621,0.0015829105724226734,0.33959455490112306,0.006261205172983048,"{'clf__C': 0.1, 'clf__l1_ratio': 0.0, 'vect__max_df': 0.9, 'vect__min_df': 5, 'vect__ngram_range': (1, 1)}",0.5400541430418654,0.021875924701725856,1
logreg,0.13232574462890626,0.003850032229320592,0.43579859733581544,0.010596325242018803,"{'clf__C': 0.1, 'clf__l1_ratio': 0.0, 'vect__max_df': 0.9, 'vect__min_df': 5, 'vect__ngram_range': (1, 2)}",0.5364234764458011,0.02304344745757116,19
logreg,0.14303970336914062,0.004238078971609261,0.5231738090515137,0.00944929906808905,"{'clf__C': 0.1, 'clf__l1_ratio': 0.0, 'vect__max_df': 0.9, 'vect__min_df': 5, 'vect__ngram_range': (1, 3)}",0.536158412909848,0.022857212736914965,25
logreg,0.09144644737243653,0.004164552354189653,0.3419968128204346,0.006583944747680953,"{'clf__C': 0.1, 'clf__l1_ratio': 0.0, 'vect__max_df': 0.95, 'vect__min_df': 2, 'vect__ngram_range': (1, 1)}",0.5398455089921164,0.022301547450916774,3
logreg,0.25548081398010253,0.002783217752444631,0.48053908348083496,0.008871795336576152,"{'clf__C': 0.1, 'clf__l1_ratio': 0.0, 'vect__max_df': 0.95, 'vect__min_df': 2, 'vect__ngram_range': (1, 2)}",0.5369302744876459,0.023462290956391504,9
logreg,0.30367050170898435,0.0017527436669845622,0.580192756652832,0.013472300175520762,"{'clf__C': 0.1, 'clf__l1_ratio': 0.0, 'vect__max_df': 0.95, 'vect__min_df': 2, 'vect__ngram_range': (1, 3)}",0.5366900778651681,0.023370053512479748,13
logreg,0.08660678863525391,0.003946677051372648,0.3331326961517334,0.008067284626946915,"{'clf__C': 0.1, 'clf__l1_ratio': 0.0, 'vect__max_df': 0.95, 'vect__min_df': 5, 'vect__ngram_range': (1, 1)}",0.5400541430418654,0.021875924701725856,1
logreg,0.13758635520935059,0.005579135821670034,0.43038649559020997,0.009596324590571966,"{'clf__C': 0.1, 'clf__l1_ratio': 0.0, 'vect__max_df': 0.95, 'vect__min_df': 5, 'vect__ngram_range': (1, 2)}",0.5364234764458011,0.02304344745757116,19
logreg,0.14757237434387208,0.0036266347468426404,0.5120292663574219,0.011188989898376038,"{'clf__C': 0.1, 'clf__l1_ratio': 0.0, 'vect__max_df': 0.95, 'vect__min_df': 5, 'vect__ngram_range': (1, 3)}",0.536158412909848,0.022857212736914965,25
logreg,0.07506084442138672,0.0029282936964481416,0.3423641204833984,0.00645257291023023,"{'clf__C': 0.1, 'clf__l1_ratio': 1.0, 'vect__max_df': 0.9, 'vect__min_df': 2, 'vect__ngram_range': (1, 1)}",0.5,0.0,97
logreg,0.22805700302124024,0.0012108098616730647,0.4730893611907959,0.006271323394045581,"{'clf__C': 0.1, 'clf__l1_ratio': 1.0, 'vect__max_df': 0.9, 'vect__min_df': 2, 'vect__ngram_range': (1, 2)}",0.5,0.0,97
logreg,0.2749812602996826,0.0020459891553317646,0.5823300838470459,0.016832377305835318,"{'clf__C': 0.1, 'clf__l1_ratio': 1.0, 'vect__max_df': 0.9, 'vect__min_df': 2, 'vect__ngram_range': (1, 3)}",0.5,0.0,97
logreg,0.06658072471618652,0.002979557584312101,0.3359468936920166,0.004413410652743309,"{'clf__C': 0.1, 'clf__l1_ratio': 1.0, 'vect__max_df': 0.9, 'vect__min_df': 5, 'vect__ngram_range': (1, 1)}",0.5,0.0,97
logreg,0.10156455039978027,0.0015436615054357915,0.42918381690979,0.011827144930759852,"{'clf__C': 0.1, 'clf__l1_ratio': 1.0, 'vect__max_df': 0.9, 'vect__min_df': 5, 'vect__ngram_range': (1, 2)}",0.5,0.0,97
logreg,0.113944673538208,0.007470117175640999,0.49941306114196776,0.008438420212421438,"{'clf__C': 0.1, 'clf__l1_ratio': 1.0, 'vect__max_df': 0.9, 'vect__min_df': 5, 'vect__ngram_range': (1, 3)}",0.5,0.0,97
logreg,0.07232341766357422,0.0041811155079433705,0.33404054641723635,0.0049722302250824624,"{'clf__C': 0.1, 'clf__l1_ratio': 1.0, 'vect__max_df': 0.95, 'vect__min_df': 2, 'vect__ngram_range': (1, 1)}",0.5,0.0,97
logreg,0.21775150299072266,0.002654422150721997,0.4742592334747314,0.016653215099778094,"{'clf__C': 0.1, 'clf__l1_ratio': 1.0, 'vect__max_df': 0.95, 'vect__min_df': 2, 'vect__ngram_range': (1, 2)}",0.5,0.0,97
logreg,0.2845599174499512,0.026653669177619924,0.5980404853820801,0.023624132656117743,"{'clf__C': 0.1, 'clf__l1_ratio': 1.0, 'vect__max_df': 0.95, 'vect__min_df': 2, 'vect__ngram_range': (1, 3)}",0.5,0.0,97
logreg,0.06915183067321777,0.0034141734238559863,0.34520397186279295,0.01622621159672643,"{'clf__C': 0.1, 'clf__l1_ratio': 1.0, 'vect__max_df': 0.95, 'vect__min_df': 5, 'vect__ngram_range': (1, 1)}",0.5,0.0,97
logreg,0.1070589542388916,0.001969148268859775,0.435606050491333,0.0030045158061492716,"{'clf__C': 0.1, 'clf__l1_ratio': 1.0, 'vect__max_df': 0.95, 'vect__min_df': 5, 'vect__ngram_range': (1, 2)}",0.5,0.0,97
logreg,0.11117186546325683,0.0034140263751999966,0.5152400016784668,0.016999119988474958,"{'clf__C': 0.1, 'clf__l1_ratio': 1.0, 'vect__max_df': 0.95, 'vect__min_df': 5, 'vect__ngram_range': (1, 3)}",0.5,0.0,97
logreg,0.09974164962768554,0.004579574831319461,0.33978757858276365,0.007618717354139884,"{'clf__C': 1, 'clf__l1_ratio': 0.0, 'vect__max_df': 0.9, 'vect__min_df': 2, 'vect__ngram_range': (1, 1)}",0.5318405801249406,0.021313318717397833,39
logreg,0.28026132583618163,0.0029886859030178988,0.48611764907836913,0.016566221646675844,"{'clf__C': 1, 'clf__l1_ratio': 0.0, 'vect__max_df': 0.9, 'vect__min_df': 2, 'vect__ngram_range': (1, 2)}",0.533089275192686,0.02408162411008222,35
logreg,0.3381213188171387,0.005712434993479026,0.5981030464172363,0.026413265601496014,"{'clf__C': 1, 'clf__l1_ratio': 0.0, 'vect__max_df': 0.9, 'vect__min_df': 2, 'vect__ngram_range': (1, 3)}",0.5335997044742757,0.02433199815808424,31
logreg,0.09701824188232422,0.0026473388841767613,0.3330948829650879,0.004258241143712102,"{'clf__C': 1, 'clf__l1_ratio': 0.0, 'vect__max_df': 0.9, 'vect__min_df': 5, 'vect__ngram_range': (1, 1)}",0.5321507887738582,0.020010068412359885,37
logreg,0.14763216972351073,0.003550417202458379,0.4358061790466309,0.011983479560460567,"{'clf__C': 1, 'clf__l1_ratio': 0.0, 'vect__max_df': 0.9, 'vect__min_df': 5, 'vect__ngram_range': (1, 2)}",0.5312319144600632,0.02296874766286476,45
logreg,0.1601165771484375,0.0028118042540749063,0.5178777694702148,0.013318317764102578,"{'clf__C': 1, 'clf__l1_ratio': 0.0, 'vect__max_df': 0.9, 'vect__min_df': 5, 'vect__ngram_range': (1, 3)}",0.5312536037460396,0.023137055493545205,43
logreg,0.10122914314270019,0.0015721076133839587,0.33825340270996096,0.0019434657832725884,"{'clf__C': 1, 'clf__l1_ratio': 0.0, 'vect__max_df': 0.95, 'vect__min_df': 2, 'vect__ngram_range': (1, 1)}",0.5318405801249406,0.021313318717397833,39
logreg,0.2842320442199707,0.002854690404470601,0.4806045055389404,0.01091710323723349,"{'clf__C': 1, 'clf__l1_ratio': 0.0, 'vect__max_df': 0.95, 'vect__min_df': 2, 'vect__ngram_range': (1, 2)}",0.533089275192686,0.02408162411008222,35
logreg,0.3445757865905762,0.006444183296284919,0.5850646018981933,0.010270391469112957,"{'clf__C': 1, 'clf__l1_ratio': 0.0, 'vect__max_df': 0.95, 'vect__min_df': 2, 'vect__ngram_range': (1, 3)}",0.5335997044742757,0.02433199815808424,31
logreg,0.10133547782897949,0.002929882882632755,0.33720927238464354,0.0068167672286503595,"{'clf__C': 1, 'clf__l1_ratio': 0.0, 'vect__max_df': 0.95, 'vect__min_df': 5, 'vect__ngram_range': (1, 1)}",0.5321507887738582,0.020010068412359885,37
logreg,0.15687179565429688,0.0031985656230304493,0.43781566619873047,0.009970182842043604,"{'clf__C': 1, 'clf__l1_ratio': 0.0, 'vect__max_df': 0.95, 'vect__min_df': 5, 'vect__ngram_range': (1, 2)}",0.5312319144600632,0.02296874766286476,45
logreg,0.17288880348205565,0.00467665601232177,0.5149409770965576,0.012617794037850717,"{'clf__C': 1, 'clf__l1_ratio': 0.0, 'vect__max_df': 0.95, 'vect__min_df': 5, 'vect__ngram_range': (1, 3)}",0.5312536037460396,0.023137055493545205,43
logreg,0.12852940559387208,0.018697549706896265,0.3396728515625,0.004920695898478849,"{'clf__C': 1, 'clf__l1_ratio': 1.0, 'vect__max_df': 0.9, 'vect__min_df': 2, 'vect__ngram_range': (1, 1)}",0.5312789456202324,0.021711628460518835,41
logreg,0.4415916442871094,0.07007541401188193,0.48690013885498046,0.01603541385018389,"{'clf__C': 1, 'clf__l1_ratio': 1.0, 'vect__max_df': 0.9, 'vect__min_df': 2, 'vect__ngram_range': (1, 2)}",0.5366761325045563,0.01959357645352145,15
logreg,0.5038230419158936,0.05826380640452059,0.582278060913086,0.014611413463243067,"{'clf__C': 1, 'clf__l1_ratio': 1.0, 'vect__max_df': 0.9, 'vect__min_df': 2, 'vect__ngram_range': (1, 3)}",0.5368986741474693,0.019218209678442264,11
logreg,0.09907722473144531,0.00549996227731914,0.3346856594085693,0.007979008028013075,"{'clf__C': 1, 'clf__l1_ratio': 1.0, 'vect__max_df': 0.9, 'vect__min_df': 5, 'vect__ngram_range': (1, 1)}",0.5305933881118836,0.021117192987631327,47
logreg,0.17105894088745116,0.023375076788262606,0.4359288215637207,0.013740520460568532,"{'clf__C': 1, 'clf__l1_ratio': 1.0, 'vect__max_df': 0.9, 'vect__min_df': 5, 'vect__ngram_range': (1, 2)}",0.5334338086387564,0.020616607452583677,33
logreg,0.1877492904663086,0.02189309232395224,0.5025774002075195,0.00998264888026544,"{'clf__C': 1, 'clf__l1_ratio': 1.0, 'vect__max_df': 0.9, 'vect__min_df': 5, 'vect__ngram_range': (1, 3)}",0.5336390329451766,0.02014912655800274,29
logreg,0.10778141021728516,0.009213485159716834,0.33292398452758787,0.006877760429207479,"{'clf__C': 1, 'clf__l1_ratio': 1.0, 'vect__max_df': 0.95, 'vect__min_df': 2, 'vect__ngram_range': (1, 1)}",0.5312789456202324,0.021711628460518835,41
logreg,0.4189241886138916,0.029953898225819297,0.48770947456359864,0.01843888221366715,"{'clf__C': 1, 'clf__l1_ratio': 1.0, 'vect__max_df': 0.95, 'vect__min_df': 2, 'vect__ngram_range': (1, 2)}",0.5366761325045563,0.01959357645352145,15
logreg,0.4734505176544189,0.033081207821526654,0.5869106769561767,0.02059888043175313,"{'clf__C': 1, 'clf__l1_ratio': 1.0, 'vect__max_df': 0.95, 'vect__min_df': 2, 'vect__ngram_range': (1, 3)}",0.5368986741474693,0.019218209678442264,11
logreg,0.10191726684570312,0.006237220575326748,0.3344818115234375,0.009983265987305392,"{'clf__C': 1, 'clf__l1_ratio': 1.0, 'vect__max_df': 0.95, 'vect__min_df': 5, 'vect__ngram_range': (1, 1)}",0.5305933881118836,0.021117192987631327,47
logreg,0.170847749710083,0.020663413850701168,0.43123588562011717,0.009384053046795885,"{'clf__C': 1, 'clf__l1_ratio': 1.0, 'vect__max_df': 0.95, 'vect__min_df': 5, 'vect__ngram_range': (1, 2)}",0.5334338086387564,0.020616607452583677,33
logreg,0.18862380981445312,0.016320515459830834,0.5153250694274902,0.012035665054109603,"{'clf__C': 1, 'clf__l1_ratio': 1.0, 'vect__max_df': 0.95, 'vect__min_df': 5, 'vect__ngram_range': (1, 3)}",0.5336390329451766,0.02014912655800274,29
logreg,0.15231947898864745,0.003855094823014484,0.3381337642669678,0.004590486411212025,"{'clf__C': 10, 'clf__l1_ratio': 0.0, 'vect__max_df': 0.9, 'vect__min_df': 2, 'vect__ngram_range': (1, 1)}",0.5187890327791557,0.01675295767225283,73
logreg,0.3459385871887207,0.007150140607708123,0.4903064250946045,0.007578110476418585,"{'clf__C': 10, 'clf__l1_ratio': 0.0, 'vect__max_df': 0.9, 'vect__min_df': 2, 'vect__ngram_range': (1, 2)}",0.5247237209091568,0.021764751857159606,51
logreg,0.4106032371520996,0.006010519122646653,0.6015376567840576,0.01786606985171842,"{'clf__C': 10, 'clf__l1_ratio': 0.0, 'vect__max_df': 0.9, 'vect__min_df': 2, 'vect__ngram_range': (1, 3)}",0.5265524390140592,0.022324024501891925,49
logreg,0.1350864887237549,0.006737180470091042,0.34441823959350587,0.020447538532826735,"{'clf__C': 10, 'clf__l1_ratio': 0.0, 'vect__max_df': 0.9, 'vect__min_df': 5, 'vect__ngram_range': (1, 1)}",0.5197358871437954,0.015031180854742228,67
logreg,0.23346400260925293,0.0341358878621538,0.45209178924560545,0.02019957846545748,"{'clf__C': 10, 'clf__l1_ratio': 0.0, 'vect__max_df': 0.9, 'vect__min_df': 5, 'vect__ngram_range': (1, 2)}",0.5203968472110347,0.019067945804732193,63
logreg,0.21915483474731445,0.005915757950606632,0.5296704769134521,0.015894130242012007,"{'clf__C': 10, 'clf__l1_ratio': 0.0, 'vect__max_df': 0.9, 'vect__min_df': 5, 'vect__ngram_range': (1, 3)}",0.5211489084804588,0.019154808318190462,61
logreg,0.1504772663116455,0.003836436944699347,0.3358301162719727,0.006364666135871687,"{'clf__C': 10, 'clf__l1_ratio': 0.0, 'vect__max_df': 0.95, 'vect__min_df': 2, 'vect__ngram_range': (1, 1)}",0.5187890327791557,0.01675295767225283,73
logreg,0.34981684684753417,0.0034511160377732365,0.4910282135009766,0.01223374539812073,"{'clf__C': 10, 'clf__l1_ratio': 0.0, 'vect__max_df': 0.95, 'vect__min_df': 2, 'vect__ngram_range': (1, 2)}",0.5247237209091568,0.021764751857159606,51
logreg,0.4151598453521729,0.005466880805526789,0.5930241584777832,0.03237803099092016,"{'clf__C': 10, 'clf__l1_ratio': 0.0, 'vect__max_df': 0.95, 'vect__min_df': 2, 'vect__ngram_range': (1, 3)}",0.5265524390140592,0.022324024501891925,49
logreg,0.1379551887512207,0.007048957561080752,0.34345245361328125,0.014592018013517862,"{'clf__C': 10, 'clf__l1_ratio': 0.0, 'vect__max_df': 0.95, 'vect__min_df': 5, 'vect__ngram_range': (1, 1)}",0.5197358871437954,0.015031180854742228,67
logreg,0.21062116622924804,0.008676012939308168,0.46059451103210447,0.021708826466957105,"{'clf__C': 10, 'clf__l1_ratio': 0.0, 'vect__max_df': 0.95, 'vect__min_df': 5, 'vect__ngram_range': (1, 2)}",0.5203968472110347,0.019067945804732193,63
logreg,0.2142587661743164,0.009225970587886712,0.5327017784118653,0.012430441285019137,"{'clf__C': 10, 'clf__l1_ratio': 0.0, 'vect__max_df': 0.95, 'vect__min_df': 5, 'vect__ngram_range': (1, 3)}",0.5211489084804588,0.019154808318190462,61
logreg,0.3745757579803467,0.01976153104317688,0.34383368492126465,0.006856343881289017,"{'clf__C': 10, 'clf__l1_ratio': 1.0, 'vect__max_df': 0.9, 'vect__min_df': 2, 'vect__ngram_range': (1, 1)}",0.5194290552116697,0.024240934992063864,71
logreg,0.6745625972747803,0.046727378034737546,0.5032413959503174,0.01941291806314603,"{'clf__C': 10, 'clf__l1_ratio': 1.0, 'vect__max_df': 0.9, 'vect__min_df': 2, 'vect__ngram_range': (1, 2)}",0.5198419008283974,0.018849734842447088,65
logreg,0.7486155986785888,0.04319416205057623,0.6124601364135742,0.019354314120207362,"{'clf__C': 10, 'clf__l1_ratio': 1.0, 'vect__max_df': 0.9, 'vect__min_df': 2, 'vect__ngram_range': (1, 3)}",0.5187084889668526,0.019797076250089765,75
logreg,0.37085638046264646,0.007031312152572121,0.33553519248962405,0.005316245656586719,"{'clf__C': 10, 'clf__l1_ratio': 1.0, 'vect__max_df': 0.9, 'vect__min_df': 5, 'vect__ngram_range': (1, 1)}",0.5195189072136627,0.021620636046095917,69
logreg,0.44716830253601075,0.02848082473137776,0.4507150650024414,0.01635967203257307,"{'clf__C': 10, 'clf__l1_ratio': 1.0, 'vect__max_df': 0.9, 'vect__min_df': 5, 'vect__ngram_range': (1, 2)}",0.5166169190812999,0.017331968707880657,81
logreg,0.4751121997833252,0.013612071372348489,0.5397413730621338,0.011722008080438523,"{'clf__C': 10, 'clf__l1_ratio': 1.0, 'vect__max_df': 0.9, 'vect__min_df': 5, 'vect__ngram_range': (1, 3)}",0.5148740770581945,0.0182302494739497,93
logreg,0.41669797897338867,0.04206688107339832,0.3414252758026123,0.01194765671647369,"{'clf__C': 10, 'clf__l1_ratio': 1.0, 'vect__max_df': 0.95, 'vect__min_df': 2, 'vect__ngram_range': (1, 1)}",0.5194290552116697,0.024240934992063864,71
logreg,0.6860515117645264,0.05564132399893099,0.5000322818756103,0.02272003398944951,"{'clf__C': 10, 'clf__l1_ratio': 1.0, 'vect__max_df': 0.95, 'vect__min_df': 2, 'vect__ngram_range': (1, 2)}",0.5198419008283974,0.018849734842447088,65
logreg,0.7534810543060303,0.034161724159132316,0.6189875125885009,0.016657372208264333,"{'clf__C': 10, 'clf__l1_ratio': 1.0, 'vect__max_df': 0.95, 'vect__min_df': 2, 'vect__ngram_range': (1, 3)}",0.5187084889668526,0.019797076250089765,75
logreg,0.36558966636657714,0.014808203015439053,0.3373051643371582,0.0033542002331482497,"{'clf__C': 10, 'clf__l1_ratio': 1.0, 'vect__max_df': 0.95, 'vect__min_df': 5, 'vect__ngram_range': (1, 1)}",0.5195189072136627,0.021620636046095917,69
logreg,0.4303411960601807,0.006674057277233456,0.45203185081481934,0.012443895918933048,"{'clf__C': 10, 'clf__l1_ratio': 1.0, 'vect__max_df': 0.95, 'vect__min_df': 5, 'vect__ngram_range': (1, 2)}",0.5166169190812999,0.017331968707880657,81
logreg,0.4328032970428467,0.014497061156162672,0.5311749458312989,0.01480483238305528,"{'clf__C': 10, 'clf__l1_ratio': 1.0, 'vect__max_df': 0.95, 'vect__min_df': 5, 'vect__ngram_range': (1, 3)}",0.5148740770581945,0.0182302494739497,93
logreg,0.21352000236511232,0.010310429795555747,0.34281487464904786,0.008602990480011924,"{'clf__C': 100, 'clf__l1_ratio': 0.0, 'vect__max_df': 0.9, 'vect__min_df': 2, 'vect__ngram_range': (1, 1)}",0.5137015566921515,0.013360319340868919,95
logreg,0.4575184345245361,0.01829384673926277,0.5119823932647705,0.017782564540611782,"{'clf__C': 100, 'clf__l1_ratio': 0.0, 'vect__max_df': 0.9, 'vect__min_df': 2, 'vect__ngram_range': (1, 2)}",0.5213225422400796,0.020313890510263125,59
logreg,0.5116004467010498,0.01875882552022937,0.6079184055328369,0.0034777882741187844,"{'clf__C': 100, 'clf__l1_ratio': 0.0, 'vect__max_df': 0.9, 'vect__min_df': 2, 'vect__ngram_range': (1, 3)}",0.5235218861560208,0.02133669935285167,55
logreg,0.21289381980895997,0.009665690295052173,0.3463463306427002,0.015198431541944698,"{'clf__C': 100, 'clf__l1_ratio': 0.0, 'vect__max_df': 0.9, 'vect__min_df': 5, 'vect__ngram_range': (1, 1)}",0.5148819435584315,0.011910620360205177,91
logreg,0.34749660491943357,0.014578031439526037,0.44541130065917967,0.01712972559431646,"{'clf__C': 100, 'clf__l1_ratio': 0.0, 'vect__max_df': 0.9, 'vect__min_df': 5, 'vect__ngram_range': (1, 2)}",0.5151320009901913,0.017196524114931014,87
logreg,0.3495349407196045,0.03106841093455024,0.5513532161712646,0.04173096492282114,"{'clf__C': 100, 'clf__l1_ratio': 0.0, 'vect__max_df': 0.9, 'vect__min_df': 5, 'vect__ngram_range': (1, 3)}",0.5161031735374324,0.017459017525816543,83
logreg,0.2189206600189209,0.020172803856748252,0.3621415615081787,0.020965711880128253,"{'clf__C': 100, 'clf__l1_ratio': 0.0, 'vect__max_df': 0.95, 'vect__min_df': 2, 'vect__ngram_range': (1, 1)}",0.5137015566921515,0.013360319340868919,95
logreg,0.46349616050720216,0.01131008958629033,0.5058228015899658,0.015145342579046872,"{'clf__C': 100, 'clf__l1_ratio': 0.0, 'vect__max_df': 0.95, 'vect__min_df': 2, 'vect__ngram_range': (1, 2)}",0.5213225422400796,0.020313890510263125,59
logreg,0.5005016803741456,0.011337758090661771,0.6111236572265625,0.01085084994249126,"{'clf__C': 100, 'clf__l1_ratio': 0.0, 'vect__max_df': 0.95, 'vect__min_df': 2, 'vect__ngram_range': (1, 3)}",0.5235218861560208,0.02133669935285167,55
logreg,0.21892499923706055,0.011665446395088343,0.3427143096923828,0.008890176411445577,"{'clf__C': 100, 'clf__l1_ratio': 0.0, 'vect__max_df': 0.95, 'vect__min_df': 5, 'vect__ngram_range': (1, 1)}",0.5148819435584315,0.011910620360205177,91
logreg,0.3463235855102539,0.02310541553543035,0.4533674716949463,0.022920558892903675,"{'clf__C': 100, 'clf__l1_ratio': 0.0, 'vect__max_df': 0.95, 'vect__min_df': 5, 'vect__ngram_range': (1, 2)}",0.5151320009901913,0.017196524114931014,87
logreg,0.33917965888977053,0.020825215404710332,0.5412936210632324,0.01015678409340854,"{'clf__C': 100, 'clf__l1_ratio': 0.0, 'vect__max_df': 0.95, 'vect__min_df': 5, 'vect__ngram_range': (1, 3)}",0.5161031735374324,0.017459017525816543,83
logreg,0.6734285831451416,0.040867538062542126,0.3481224536895752,0.01121732791195526,"{'clf__C': 100, 'clf__l1_ratio': 1.0, 'vect__max_df': 0.9, 'vect__min_df': 2, 'vect__ngram_range': (1, 1)}",0.5214200590220044,0.024482289817275762,57
logreg,0.8354637145996093,0.08690531263968378,0.504532766342163,0.01490272674988204,"{'clf__C': 100, 'clf__l1_ratio': 1.0, 'vect__max_df': 0.9, 'vect__min_df': 2, 'vect__ngram_range': (1, 2)}",0.5186648593114089,0.01693703444912735,77
logreg,0.9011081218719482,0.04471208697261532,0.6349409580230713,0.0136926584678557,"{'clf__C': 100, 'clf__l1_ratio': 1.0, 'vect__max_df': 0.9, 'vect__min_df': 2, 'vect__ngram_range': (1, 3)}",0.5181198368392248,0.018668700865838356,79
logreg,0.658633804321289,0.01770640480223636,0.34598641395568847,0.006712883437962232,"{'clf__C': 100, 'clf__l1_ratio': 1.0, 'vect__max_df': 0.9, 'vect__min_df': 5, 'vect__ngram_range': (1, 1)}",0.5243570487087009,0.02094590818178573,53
logreg,0.6106954574584961,0.012127934893158773,0.4673593521118164,0.01057575204393329,"{'clf__C': 100, 'clf__l1_ratio': 1.0, 'vect__max_df': 0.9, 'vect__min_df': 5, 'vect__ngram_range': (1, 2)}",0.515139044967599,0.01270524960216464,85
logreg,0.5948653221130371,0.017945182994035816,0.545317268371582,0.010369536155003111,"{'clf__C': 100, 'clf__l1_ratio': 1.0, 'vect__max_df': 0.9, 'vect__min_df': 5, 'vect__ngram_range': (1, 3)}",0.5149565777193384,0.015231693559582675,89
logreg,0.640912389755249,0.04246706890478873,0.349211597442627,0.007247749332135938,"{'clf__C': 100, 'clf__l1_ratio': 1.0, 'vect__max_df': 0.95, 'vect__min_df': 2, 'vect__ngram_range': (1, 1)}",0.5214200590220044,0.024482289817275762,57
logreg,0.7833040237426758,0.0283433475779376,0.5254929542541504,0.007479130709123491,"{'clf__C': 100, 'clf__l1_ratio': 1.0, 'vect__max_df': 0.95, 'vect__min_df': 2, 'vect__ngram_range': (1, 2)}",0.5186648593114089,0.01693703444912735,77
logreg,0.8542586326599121,0.025586935843659685,0.63087477684021,0.012222203846051879,"{'clf__C': 100, 'clf__l1_ratio': 1.0, 'vect__max_df': 0.95, 'vect__min_df': 2, 'vect__ngram_range': (1, 3)}",0.5181198368392248,0.018668700865838356,79
logreg,0.6523402690887451,0.023875629974164505,0.34468727111816405,0.0062886613562626965,"{'clf__C': 100, 'clf__l1_ratio': 1.0, 'vect__max_df': 0.95, 'vect__min_df': 5, 'vect__ngram_range': (1, 1)}",0.5243570487087009,0.02094590818178573,53
logreg,0.5932821750640869,0.026872822019314138,0.46402816772460936,0.012347879097632465,"{'clf__C': 100, 'clf__l1_ratio': 1.0, 'vect__max_df': 0.95, 'vect__min_df': 5, 'vect__ngram_range': (1, 2)}",0.515139044967599,0.01270524960216464,85
logreg,0.5672329902648926,0.011543005339911934,0.5096309185028076,0.02255438275215758,"{'clf__C': 100, 'clf__l1_ratio': 1.0, 'vect__max_df': 0.95, 'vect__min_df': 5, 'vect__ngram_range': (1, 3)}",0.5149565777193384,0.015231693559582675,89
linear_svc,0.07213244438171387,0.005915048423197493,0.34247479438781736,0.007757225600475016,"{'clf__C': 0.01, 'vect__max_df': 0.9, 'vect__min_df': 2, 'vect__ngram_range': (1, 1)}",0.5399140934071154,0.02222120203709674,3
linear_svc,0.21616406440734864,0.009848239904897601,0.4857922554016113,0.011313662815368681,"{'clf__C': 0.01, 'vect__max_df': 0.9, 'vect__min_df': 2, 'vect__ngram_range': (1, 2)}",0.5368649174504279,0.023360595550064648,5
linear_svc,0.2500291347503662,0.0062195585430917955,0.5686812400817871,0.008674542369612969,"{'clf__C': 0.01, 'vect__max_df': 0.9, 'vect__min_df': 2, 'vect__ngram_range': (1, 3)}",0.5366799589501129,0.023364693776589285,7
linear_svc,0.06469025611877441,0.002782789890187757,0.33415980339050294,0.00495945270732471,"{'clf__C': 0.01, 'vect__max_df': 0.9, 'vect__min_df': 5, 'vect__ngram_range': (1, 1)}",0.5402112338571173,0.021776659632203696,1
linear_svc,0.10237102508544922,0.0027803715709674576,0.4338505744934082,0.006354099697323193,"{'clf__C': 0.01, 'vect__max_df': 0.9, 'vect__min_df': 5, 'vect__ngram_range': (1, 2)}",0.5364652045145366,0.02312002854606761,9
linear_svc,0.10726852416992187,0.004094649480957773,0.5163632392883301,0.00894862197392758,"{'clf__C': 0.01, 'vect__max_df': 0.9, 'vect__min_df': 5, 'vect__ngram_range': (1, 3)}",0.5361349511901222,0.022903830144784264,11
linear_svc,0.07723183631896972,0.006575964019404578,0.35320138931274414,0.015689853038806066,"{'clf__C': 0.01, 'vect__max_df': 0.95, 'vect__min_df': 2, 'vect__ngram_range': (1, 1)}",0.5399140934071154,0.02222120203709674,3
linear_svc,0.24377884864807128,0.03996755637869268,0.49925684928894043,0.02629581583779622,"{'clf__C': 0.01, 'vect__max_df': 0.95, 'vect__min_df': 2, 'vect__ngram_range': (1, 2)}",0.5368649174504279,0.023360595550064648,5
linear_svc,0.30827083587646487,0.04201771649700557,0.5891670227050781,0.014654606635667639,"{'clf__C': 0.01, 'vect__max_df': 0.95, 'vect__min_df': 2, 'vect__ngram_range': (1, 3)}",0.5366799589501129,0.023364693776589285,7
linear_svc,0.06602497100830078,0.00439784315981132,0.336596155166626,0.007523804587128628,"{'clf__C': 0.01, 'vect__max_df': 0.95, 'vect__min_df': 5, 'vect__ngram_range': (1, 1)}",0.5402112338571173,0.021776659632203696,1
linear_svc,0.10668740272521973,0.002805824477611015,0.442179536819458,0.011092168944531633,"{'clf__C': 0.01, 'vect__max_df': 0.95, 'vect__min_df': 5, 'vect__ngram_range': (1, 2)}",0.5364652045145366,0.02312002854606761,9
linear_svc,0.11800727844238282,0.005304264549410062,0.5210567474365234,0.007617408944095814,"{'clf__C': 0.01, 'vect__max_df': 0.95, 'vect__min_df': 5, 'vect__ngram_range': (1, 3)}",0.5361349511901222,0.022903830144784264,11
linear_svc,0.07684717178344727,0.005147508434112353,0.341154146194458,0.010934065917579368,"{'clf__C': 0.1, 'vect__max_df': 0.9, 'vect__min_df': 2, 'vect__ngram_range': (1, 1)}",0.5328800087412054,0.02152893983421425,19
linear_svc,0.23302841186523438,0.006956247306784729,0.48914437294006347,0.009805739968508738,"{'clf__C': 0.1, 'vect__max_df': 0.9, 'vect__min_df': 2, 'vect__ngram_range': (1, 2)}",0.5337243722593497,0.024157533376508132,15
linear_svc,0.26620984077453613,0.00784639407918915,0.5941785335540771,0.02062692628829812,"{'clf__C': 0.1, 'vect__max_df': 0.9, 'vect__min_df': 2, 'vect__ngram_range': (1, 3)}",0.5341262017524142,0.024305113574523377,13
linear_svc,0.06701698303222656,0.0036421705967172252,0.3344849109649658,0.006113715125844334,"{'clf__C': 0.1, 'vect__max_df': 0.9, 'vect__min_df': 5, 'vect__ngram_range': (1, 1)}",0.5331537768236644,0.020261731962501722,17
linear_svc,0.10132293701171875,0.0015238689461467912,0.43661956787109374,0.010661638320307592,"{'clf__C': 0.1, 'vect__max_df': 0.9, 'vect__min_df': 5, 'vect__ngram_range': (1, 2)}",0.5320134252390103,0.02307206615705405,23
linear_svc,0.1092231273651123,0.0009108531114348099,0.5188168525695801,0.0036692669597638387,"{'clf__C': 0.1, 'vect__max_df': 0.9, 'vect__min_df': 5, 'vect__ngram_range': (1, 3)}",0.5321151417656915,0.023268024235133977,21
linear_svc,0.07410736083984375,0.0034740842517425553,0.33560028076171877,0.007281222012919915,"{'clf__C': 0.1, 'vect__max_df': 0.95, 'vect__min_df': 2, 'vect__ngram_range': (1, 1)}",0.5328800087412054,0.02152893983421425,19
linear_svc,0.2138507843017578,0.006938777106736394,0.47805156707763674,0.008530512222728465,"{'clf__C': 0.1, 'vect__max_df': 0.95, 'vect__min_df': 2, 'vect__ngram_range': (1, 2)}",0.5337243722593497,0.024157533376508132,15
linear_svc,0.25308856964111326,0.00454941503147031,0.5862977981567383,0.01977640162075319,"{'clf__C': 0.1, 'vect__max_df': 0.95, 'vect__min_df': 2, 'vect__ngram_range': (1, 3)}",0.5341262017524142,0.024305113574523377,13
linear_svc,0.06874094009399415,0.004727439927371069,0.3322762012481689,0.004592442258957053,"{'clf__C': 0.1, 'vect__max_df': 0.95, 'vect__min_df': 5, 'vect__ngram_range': (1, 1)}",0.5331537768236644,0.020261731962501722,17
linear_svc,0.10137805938720704,0.0010531033394031802,0.4351247787475586,0.004235437515298989,"{'clf__C': 0.1, 'vect__max_df': 0.95, 'vect__min_df': 5, 'vect__ngram_range': (1, 2)}",0.5320134252390103,0.02307206615705405,23
linear_svc,0.10787220001220703,0.002901200134984938,0.5111726284027099,0.01168068158530062,"{'clf__C': 0.1, 'vect__max_df': 0.95, 'vect__min_df': 5, 'vect__ngram_range': (1, 3)}",0.5321151417656915,0.023268024235133977,21
linear_svc,0.11296496391296387,0.004622446134535207,0.3365772724151611,0.005587313953119514,"{'clf__C': 1, 'vect__max_df': 0.9, 'vect__min_df': 2, 'vect__ngram_range': (1, 1)}",0.5175062012203823,0.015472794532800632,39
linear_svc,0.2951038837432861,0.009167954200833862,0.4924863338470459,0.005427096976659505,"{'clf__C': 1, 'vect__max_df': 0.9, 'vect__min_df': 2, 'vect__ngram_range': (1, 2)}",0.523648755968197,0.02099092821702823,27
linear_svc,0.3467848300933838,0.007412172000313334,0.6033537864685059,0.014737299120056918,"{'clf__C': 1, 'vect__max_df': 0.9, 'vect__min_df': 2, 'vect__ngram_range': (1, 3)}",0.525643100274696,0.021723998156790842,25
linear_svc,0.10999746322631836,0.005083877496190938,0.33621797561645506,0.007086479380362913,"{'clf__C': 1, 'vect__max_df': 0.9, 'vect__min_df': 5, 'vect__ngram_range': (1, 1)}",0.5187756167321249,0.014029719661433673,35
linear_svc,0.17814040184020996,0.0017152469147022793,0.4437140464782715,0.009844799720515603,"{'clf__C': 1, 'vect__max_df': 0.9, 'vect__min_df': 5, 'vect__ngram_range': (1, 2)}",0.5194053605080884,0.018375219879303635,33
linear_svc,0.18496336936950683,0.00336467723736258,0.5221412658691407,0.013393211559809357,"{'clf__C': 1, 'vect__max_df': 0.9, 'vect__min_df': 5, 'vect__ngram_range': (1, 3)}",0.5202881562443857,0.018359023544212667,31
linear_svc,0.10711579322814942,0.008452228175854375,0.33819379806518557,0.008873765773855723,"{'clf__C': 1, 'vect__max_df': 0.95, 'vect__min_df': 2, 'vect__ngram_range': (1, 1)}",0.5175062012203823,0.015472794532800632,39
linear_svc,0.2953981876373291,0.007303575758306615,0.48731770515441897,0.014582573190661832,"{'clf__C': 1, 'vect__max_df': 0.95, 'vect__min_df': 2, 'vect__ngram_range': (1, 2)}",0.523648755968197,0.02099092821702823,27
linear_svc,0.3502036094665527,0.005466902035670887,0.590695858001709,0.016149343646555812,"{'clf__C': 1, 'vect__max_df': 0.95, 'vect__min_df': 2, 'vect__ngram_range': (1, 3)}",0.525643100274696,0.021723998156790842,25
linear_svc,0.111140775680542,0.009253548357427317,0.3350691795349121,0.005094975030495632,"{'clf__C': 1, 'vect__max_df': 0.95, 'vect__min_df': 5, 'vect__ngram_range': (1, 1)}",0.5187756167321249,0.014029719661433673,35
linear_svc,0.18711233139038086,0.0087448146710985,0.43910627365112304,0.005993654003059319,"{'clf__C': 1, 'vect__max_df': 0.95, 'vect__min_df': 5, 'vect__ngram_range': (1, 2)}",0.5194053605080884,0.018375219879303635,33
linear_svc,0.21917848587036132,0.03859843378199069,0.5452322483062744,0.03387888906227721,"{'clf__C': 1, 'vect__max_df': 0.95, 'vect__min_df': 5, 'vect__ngram_range': (1, 3)}",0.5202881562443857,0.018359023544212667,31
linear_svc,0.35439162254333495,0.06514980335988595,0.34508566856384276,0.010706824566107444,"{'clf__C': 10, 'vect__max_df': 0.9, 'vect__min_df': 2, 'vect__ngram_range': (1, 1)}",0.511736032696594,0.011506302692392008,45
linear_svc,0.6229699134826661,0.025208423075829784,0.4813372611999512,0.01056924148143097,"{'clf__C': 10, 'vect__max_df': 0.9, 'vect__min_df': 2, 'vect__ngram_range': (1, 2)}",0.5176412235443105,0.01926358124038161,37
linear_svc,0.6980169773101806,0.03623390202855615,0.6139978408813477,0.016738540857289645,"{'clf__C': 10, 'vect__max_df': 0.9, 'vect__min_df': 2, 'vect__ngram_range': (1, 3)}",0.5205454134958966,0.020512935283763568,29
linear_svc,0.4408588409423828,0.05386594045125964,0.42788848876953123,0.04354955741315289,"{'clf__C': 10, 'vect__max_df': 0.9, 'vect__min_df': 5, 'vect__ngram_range': (1, 1)}",0.5124547436802048,0.011009939687803238,41
linear_svc,0.7769310474395752,0.13034891015934583,0.8796534061431884,0.2516151698056751,"{'clf__C': 10, 'vect__max_df': 0.9, 'vect__min_df': 5, 'vect__ngram_range': (1, 2)}",0.5108674516517181,0.01612151581825619,47
linear_svc,0.6200231075286865,0.1178863588935325,0.578610897064209,0.017331487865075098,"{'clf__C': 10, 'vect__max_df': 0.9, 'vect__min_df': 5, 'vect__ngram_range': (1, 3)}",0.511864649906029,0.016400230419666914,43
linear_svc,0.3264004230499268,0.01717330090595123,0.3843125820159912,0.0257075924520123,"{'clf__C': 10, 'vect__max_df': 0.95, 'vect__min_df': 2, 'vect__ngram_range': (1, 1)}",0.511736032696594,0.011506302692392008,45
linear_svc,0.853076982498169,0.19277665810474476,0.9977916240692138,0.2597658159723329,"{'clf__C': 10, 'vect__max_df': 0.95, 'vect__min_df': 2, 'vect__ngram_range': (1, 2)}",0.5176412235443105,0.01926358124038161,37
linear_svc,0.9195637702941895,0.0886263395885613,0.813912296295166,0.06153797264991075,"{'clf__C': 10, 'vect__max_df': 0.95, 'vect__min_df': 2, 'vect__ngram_range': (1, 3)}",0.5205454134958966,0.020512935283763568,29
linear_svc,0.7758231639862061,0.08597683590101948,1.8079532623291015,1.2910080395101158,"{'clf__C': 10, 'vect__max_df': 0.95, 'vect__min_df': 5, 'vect__ngram_range': (1, 1)}",0.5124547436802048,0.011009939687803238,41
linear_svc,2.257128047943115,0.8293578918104494,1.490269374847412,0.5949964312873797,"{'clf__C': 10, 'vect__max_df': 0.95, 'vect__min_df': 5, 'vect__ngram_range': (1, 2)}",0.5108674516517181,0.01612151581825619,47
linear_svc,1.2827155113220214,0.5336701091432464,2.06304874420166,0.8561966526106213,"{'clf__C': 10, 'vect__max_df': 0.95, 'vect__min_df': 5, 'vect__ngram_range': (1, 3)}",0.511864649906029,0.016400230419666914,43
random_forest,1.0739051342010497,0.563951269522591,0.7672899723052978,0.4676622092400933,"{'clf__max_depth': None, 'clf__min_samples_split': 2, 'clf__n_estimators': 100}",0.5181628924641913,0.023592275943978305,27
random_forest,2.9254070281982423,1.138242861421505,0.9194657802581787,0.5088612153742971,"{'clf__max_depth': None, 'clf__min_samples_split': 2, 'clf__n_estimators': 300}",0.5307143520860549,0.020975844036350718,15
random_forest,2.9186655044555665,0.9496985374786073,0.5323144912719726,0.09779041414640709,"{'clf__max_depth': None, 'clf__min_samples_split': 2, 'clf__n_estimators': 500}",0.5308246766183967,0.02260272034597271,13
random_forest,0.6436842918395996,0.22033122075174832,0.5296860694885254,0.14853398558302885,"{'clf__max_depth': None, 'clf__min_samples_split': 5, 'clf__n_estimators': 100}",0.5232570407388311,0.020626676695201043,26
random_forest,1.7913091659545899,0.6762289909918076,0.5319159984588623,0.20360144738237218,"{'clf__max_depth': None, 'clf__min_samples_split': 5, 'clf__n_estimators': 300}",0.5265599355168904,0.020196503038989774,21
random_forest,1.80031099319458,0.08774971796414142,0.38254532814025877,0.01493369358793763,"{'clf__max_depth': None, 'clf__min_samples_split': 5, 'clf__n_estimators': 500}",0.5295419772685059,0.017909887199547544,17
random_forest,0.37726421356201173,0.007289762686157996,0.3303778648376465,0.005094734331971519,"{'clf__max_depth': None, 'clf__min_samples_split': 10, 'clf__n_estimators': 100}",0.5250592135722133,0.02101758252542976,23
random_forest,1.010183334350586,0.029947919896010648,0.36021738052368163,0.01038969321683132,"{'clf__max_depth': None, 'clf__min_samples_split': 10, 'clf__n_estimators': 300}",0.5332742074923131,0.012345194911195689,2
random_forest,1.6070634365081786,0.030471096961896888,0.37767667770385743,0.006881604625940773,"{'clf__max_depth': None, 'clf__min_samples_split': 10, 'clf__n_estimators': 500}",0.5321542574881303,0.012565037857016279,5
random_forest,0.19710783958435057,0.012779665777283265,0.34074859619140624,0.007808095413437901,"{'clf__max_depth': 20, 'clf__min_samples_split': 2, 'clf__n_estimators': 100}",0.5241699655802063,0.01049530997514334,24
random_forest,0.445286226272583,0.010946342011194515,0.3432861328125,0.005677953634576188,"{'clf__max_depth': 20, 'clf__min_samples_split': 2, 'clf__n_estimators': 300}",0.5276342776001252,0.016967182278831792,18
random_forest,0.8501696109771728,0.06565641777583514,0.3785440444946289,0.025487306137057818,"{'clf__max_depth': 20, 'clf__min_samples_split': 2, 'clf__n_estimators': 500}",0.5268997494823037,0.013719816838342716,19
random_forest,0.1957836627960205,0.005466988712197202,0.33841676712036134,0.009155724039264172,"{'clf__max_depth': 20, 'clf__min_samples_split': 5, 'clf__n_estimators': 100}",0.5235966787305765,0.0131500882972307,25
random_forest,0.4449747562408447,0.014153223813091401,0.3542886734008789,0.02145329130943573,"{'clf__max_depth': 20, 'clf__min_samples_split': 5, 'clf__n_estimators': 300}",0.531941952268755,0.014221884867518832,7
random_forest,0.7890074729919434,0.18632688647083473,0.3565254211425781,0.0036969689109047077,"{'clf__max_depth': 20, 'clf__min_samples_split': 5, 'clf__n_estimators': 500}",0.5312340046553921,0.011813473452011643,11
random_forest,0.18018975257873535,0.007170091844349007,0.32929139137268065,0.006213829441088951,"{'clf__max_depth': 20, 'clf__min_samples_split': 10, 'clf__n_estimators': 100}",0.5264358817222872,0.01072295559768879,22
random_forest,0.43457684516906736,0.010302907272923136,0.35277256965637205,0.02738010602851234,"{'clf__max_depth': 20, 'clf__min_samples_split': 10, 'clf__n_estimators': 300}",0.5317054337956415,0.01279108725896783,8
random_forest,0.6873773574829102,0.012460623146470817,0.3544437885284424,0.006352567318563634,"{'clf__max_depth': 20, 'clf__min_samples_split': 10, 'clf__n_estimators': 500}",0.531675776721743,0.010126238785704466,9
random_forest,0.30586962699890136,0.013240431058911257,0.3282370090484619,0.004552562330625254,"{'clf__max_depth': 50, 'clf__min_samples_split': 2, 'clf__n_estimators': 100}",0.5307110429864041,0.015804794392615416,16
random_forest,0.7789350032806397,0.009076153557310654,0.34453296661376953,0.00714093140994326,"{'clf__max_depth': 50, 'clf__min_samples_split': 2, 'clf__n_estimators': 300}",0.5315508811715719,0.012957043291908783,10
random_forest,1.2969253540039063,0.03615789830678193,0.36885776519775393,0.007419331398207954,"{'clf__max_depth': 50, 'clf__min_samples_split': 2, 'clf__n_estimators': 500}",0.5312114833474679,0.013147339229336294,12
random_forest,0.28620085716247556,0.009350728494421815,0.3292859077453613,0.006209299933033631,"{'clf__max_depth': 50, 'clf__min_samples_split': 5, 'clf__n_estimators': 100}",0.5267446261616355,0.01785541762116557,20
random_forest,0.7471086978912354,0.004379278618695253,0.34308934211730957,0.00622493888303762,"{'clf__max_depth': 50, 'clf__min_samples_split': 5, 'clf__n_estimators': 300}",0.5324537462865611,0.01302031157977939,4
random_forest,1.2055495738983155,0.00999002615871728,0.36989684104919435,0.0024136877598346785,"{'clf__max_depth': 50, 'clf__min_samples_split': 5, 'clf__n_estimators': 500}",0.5308062383405628,0.013770767840953234,14
random_forest,0.2934295177459717,0.02286791311073181,0.3582609176635742,0.03939169942688979,"{'clf__max_depth': 50, 'clf__min_samples_split': 10, 'clf__n_estimators': 100}",0.5319693744254401,0.015260275863928509,6
random_forest,0.7147002696990967,0.012870614610509933,0.34378204345703123,0.007306836230082069,"{'clf__max_depth': 50, 'clf__min_samples_split': 10, 'clf__n_estimators': 300}",0.5330143457980212,0.015047250352228474,3
random_forest,1.1297583103179931,0.02795134438529552,0.4038750648498535,0.07165955494428973,"{'clf__max_depth': 50, 'clf__min_samples_split': 10, 'clf__n_estimators': 500}",0.5336747680991786,0.013942644669330644,1
