track,fpr,tpr
bow,0.0,0.0
bow,0.0,0.0007993605115907274
bow,0.0013227513227513227,0.0007993605115907274
bow,0.0013227513227513227,0.002398081534772182
bow,0.0026455026455026454,0.002398081534772182
bow,0.0026455026455026454,0.003996802557953637
bow,0.005291005291005291,0.003996802557953637
bow,0.005291005291005291,0.004796163069544364
bow,0.006613756613756613,0.004796163069544364
bow,0.006613756613756613,0.007993605115907274
bow,0.007936507936507936,0.007993605115907274
bow,0.007936507936507936,0.011990407673860911
bow,0.009259259259259259,0.011990407673860911
bow,0.009259259259259259,0.013589128697042365
bow,0.011904761904761904,0.013589128697042365
bow,0.011904761904761904,0.015187849720223821
bow,0.017195767195767195,0.015187849720223821
bow,0.017195767195767195,0.01598721023181455
bow,0.01984126984126984,0.01598721023181455
bow,0.01984126984126984,0.016786570743405275
bow,0.021164021164021163,0.016786570743405275
bow,0.021164021164021163,0.017585931254996003
bow,0.02513227513227513,0.017585931254996003
bow,0.02513227513227513,0.01838529176658673
bow,0.0291005291005291,0.01838529176658673
bow,0.0291005291005291,0.023980815347721823
bow,0.03042328042328042,0.023980815347721823
bow,0.03042328042328042,0.02478017585931255
bow,0.03306878306878307,0.02478017585931255
bow,0.03306878306878307,0.027977617905675458
bow,0.03571428571428571,0.027977617905675458
bow,0.03571428571428571,0.02877697841726619
bow,0.037037037037037035,0.02877697841726619
bow,0.037037037037037035,0.029576338928856916
bow,0.03835978835978836,0.029576338928856916
bow,0.03835978835978836,0.030375699440447643
bow,0.03968253968253968,0.030375699440447643
bow,0.03968253968253968,0.032773780975219824
bow,0.042328042328042326,0.032773780975219824
bow,0.042328042328042326,0.03357314148681055
bow,0.04365079365079365,0.03357314148681055
bow,0.04365079365079365,0.03437250199840128
bow,0.04497354497354497,0.03437250199840128
bow,0.04497354497354497,0.03597122302158273
bow,0.046296296296296294,0.03597122302158273
bow,0.046296296296296294,0.03836930455635491
bow,0.047619047619047616,0.03836930455635491
bow,0.047619047619047616,0.03916866506794564
bow,0.051587301587301584,0.03916866506794564
bow,0.051587301587301584,0.0407673860911271
bow,0.05555555555555555,0.0407673860911271
bow,0.05555555555555555,0.042366107114308556
bow,0.056878306878306875,0.042366107114308556
bow,0.056878306878306875,0.050359712230215826
bow,0.06084656084656084,0.050359712230215826
bow,0.06084656084656084,0.05195843325339728
bow,0.062169312169312166,0.05195843325339728
bow,0.062169312169312166,0.05675459632294165
bow,0.06481481481481481,0.05675459632294165
bow,0.06481481481481481,0.06235011990407674
bow,0.06746031746031746,0.06235011990407674
bow,0.06746031746031746,0.06314948041566747
bow,0.06878306878306878,0.06314948041566747
bow,0.06878306878306878,0.06554756195043965
bow,0.07142857142857142,0.06554756195043965
bow,0.07142857142857142,0.07434052757793765
bow,0.07275132275132275,0.07434052757793765
bow,0.07275132275132275,0.07753796962430055
bow,0.07539682539682539,0.07753796962430055
bow,0.07539682539682539,0.07913669064748201
bow,0.07671957671957672,0.07913669064748201
bow,0.07671957671957672,0.08313349320543566
bow,0.07804232804232804,0.08313349320543566
bow,0.07804232804232804,0.08473221422861711
bow,0.07936507936507936,0.08473221422861711
bow,0.07936507936507936,0.08553157474020784
bow,0.08068783068783068,0.08553157474020784
bow,0.08068783068783068,0.08633093525179857
bow,0.082010582010582,0.08633093525179857
bow,0.082010582010582,0.08713029576338929
bow,0.08333333333333333,0.08713029576338929
bow,0.08333333333333333,0.09192645883293366
bow,0.08597883597883597,0.09192645883293366
bow,0.08597883597883597,0.09432454036770584
bow,0.0873015873015873,0.09432454036770584
bow,0.0873015873015873,0.09672262190247802
bow,0.08994708994708994,0.09672262190247802
bow,0.08994708994708994,0.09752198241406874
bow,0.09126984126984126,0.09752198241406874
bow,0.09126984126984126,0.0991207034372502
bow,0.09391534391534391,0.0991207034372502
bow,0.09391534391534391,0.10231814548361311
bow,0.09523809523809523,0.10231814548361311
bow,0.09523809523809523,0.10711430855315747
bow,0.09656084656084656,0.10711430855315747
bow,0.09656084656084656,0.10951239008792965
bow,0.09788359788359788,0.10951239008792965
bow,0.09788359788359788,0.11270983213429256
bow,0.0992063492063492,0.11270983213429256
bow,0.0992063492063492,0.11510791366906475
bow,0.10052910052910052,0.11510791366906475
bow,0.10052910052910052,0.11590727418065548
bow,0.10185185185185185,0.11590727418065548
bow,0.10185185185185185,0.11670663469224621
bow,0.10317460317460317,0.11670663469224621
bow,0.10317460317460317,0.11910471622701839
bow,0.10449735449735449,0.11910471622701839
bow,0.10449735449735449,0.1223021582733813
bow,0.10582010582010581,0.1223021582733813
bow,0.10582010582010581,0.12390087929656275
bow,0.10714285714285714,0.12390087929656275
bow,0.10714285714285714,0.12470023980815348
bow,0.10846560846560846,0.12470023980815348
bow,0.10846560846560846,0.1254996003197442
bow,0.10978835978835978,0.1254996003197442
bow,0.10978835978835978,0.12629896083133493
bow,0.11243386243386243,0.12629896083133493
bow,0.11243386243386243,0.12709832134292565
bow,0.11507936507936507,0.12709832134292565
bow,0.11507936507936507,0.1286970423661071
bow,0.1164021164021164,0.1286970423661071
bow,0.1164021164021164,0.13189448441247004
bow,0.11772486772486772,0.13189448441247004
bow,0.11772486772486772,0.1366906474820144
bow,0.11904761904761904,0.1366906474820144
bow,0.11904761904761904,0.1374900079936051
bow,0.12037037037037036,0.1374900079936051
bow,0.12037037037037036,0.1398880895283773
bow,0.12169312169312169,0.1398880895283773
bow,0.12169312169312169,0.14068745003996802
bow,0.12301587301587301,0.14068745003996802
bow,0.12301587301587301,0.1574740207833733
bow,0.1283068783068783,0.1574740207833733
bow,0.1283068783068783,0.15827338129496402
bow,0.12962962962962962,0.15827338129496402
bow,0.12962962962962962,0.15907274180655476
bow,0.13095238095238096,0.15907274180655476
bow,0.13095238095238096,0.15987210231814547
bow,0.1335978835978836,0.15987210231814547
bow,0.1335978835978836,0.1606714628297362
bow,0.1349206349206349,0.1606714628297362
bow,0.1349206349206349,0.16386890487609912
bow,0.13756613756613756,0.16386890487609912
bow,0.13756613756613756,0.16706634692246203
bow,0.1388888888888889,0.16706634692246203
bow,0.1388888888888889,0.16946442845723422
bow,0.14153439153439154,0.16946442845723422
bow,0.14153439153439154,0.17106314948041568
bow,0.14417989417989419,0.17106314948041568
bow,0.14417989417989419,0.1718625099920064
bow,0.1455026455026455,0.1718625099920064
bow,0.1455026455026455,0.17426059152677859
bow,0.14682539682539683,0.17426059152677859
bow,0.14682539682539683,0.17585931254996004
bow,0.14814814814814814,0.17585931254996004
bow,0.14814814814814814,0.17665867306155075
bow,0.14947089947089948,0.17665867306155075
bow,0.14947089947089948,0.1774580335731415
bow,0.15079365079365079,0.1774580335731415
bow,0.15079365079365079,0.1782573940847322
bow,0.15476190476190477,0.1782573940847322
bow,0.15476190476190477,0.17905675459632295
bow,0.15608465608465608,0.17905675459632295
bow,0.15608465608465608,0.17985611510791366
bow,0.1574074074074074,0.17985611510791366
bow,0.1574074074074074,0.18225419664268586
bow,0.1626984126984127,0.18225419664268586
bow,0.1626984126984127,0.1838529176658673
bow,0.164021164021164,0.1838529176658673
bow,0.164021164021164,0.18864908073541167
bow,0.16534391534391535,0.18864908073541167
bow,0.16534391534391535,0.18944844124700239
bow,0.167989417989418,0.18944844124700239
bow,0.167989417989418,0.19184652278177458
bow,0.1693121693121693,0.19184652278177458
bow,0.1693121693121693,0.19664268585131894
bow,0.17063492063492064,0.19664268585131894
bow,0.17063492063492064,0.2006394884092726
bow,0.17328042328042328,0.2006394884092726
bow,0.17328042328042328,0.2014388489208633
bow,0.1746031746031746,0.2014388489208633
bow,0.1746031746031746,0.20223820943245405
bow,0.17592592592592593,0.20223820943245405
bow,0.17592592592592593,0.2038369304556355
bow,0.17724867724867724,0.2038369304556355
bow,0.17724867724867724,0.20623501199040767
bow,0.17989417989417988,0.20623501199040767
bow,0.17989417989417988,0.21023181454836132
bow,0.18386243386243387,0.21023181454836132
bow,0.18386243386243387,0.21183053557154277
bow,0.18518518518518517,0.21183053557154277
bow,0.18518518518518517,0.21262989608313348
bow,0.1865079365079365,0.21262989608313348
bow,0.1865079365079365,0.21422861710631494
bow,0.1917989417989418,0.21422861710631494
bow,0.1917989417989418,0.21502797761790568
bow,0.1931216931216931,0.21502797761790568
bow,0.1931216931216931,0.2158273381294964
bow,0.19444444444444445,0.2158273381294964
bow,0.19444444444444445,0.2190247801758593
bow,0.19576719576719576,0.2190247801758593
bow,0.19576719576719576,0.2214228617106315
bow,0.1970899470899471,0.2214228617106315
bow,0.1970899470899471,0.2246203037569944
bow,0.19973544973544974,0.2246203037569944
bow,0.19973544973544974,0.22541966426858512
bow,0.20502645502645503,0.22541966426858512
bow,0.20502645502645503,0.2270183852917666
bow,0.20634920634920634,0.2270183852917666
bow,0.20634920634920634,0.22861710631494805
bow,0.20767195767195767,0.22861710631494805
bow,0.20767195767195767,0.22941646682653877
bow,0.20899470899470898,0.22941646682653877
bow,0.20899470899470898,0.2302158273381295
bow,0.21031746031746032,0.2302158273381295
bow,0.21031746031746032,0.23341326938449242
bow,0.21296296296296297,0.23341326938449242
bow,0.21296296296296297,0.23501199040767387
bow,0.21428571428571427,0.23501199040767387
bow,0.21428571428571427,0.23820943245403678
bow,0.2156084656084656,0.23820943245403678
bow,0.2156084656084656,0.23980815347721823
bow,0.21693121693121692,0.23980815347721823
bow,0.21693121693121692,0.24620303756994405
bow,0.21825396825396826,0.24620303756994405
bow,0.21825396825396826,0.24860111910471622
bow,0.2208994708994709,0.24860111910471622
bow,0.2208994708994709,0.2501998401278977
bow,0.2222222222222222,0.2501998401278977
bow,0.2222222222222222,0.2509992006394884
bow,0.22354497354497355,0.2509992006394884
bow,0.22354497354497355,0.25259792166266987
bow,0.2275132275132275,0.25259792166266987
bow,0.2275132275132275,0.2557953637090328
bow,0.23148148148148148,0.2557953637090328
bow,0.23148148148148148,0.26139088729016785
bow,0.2328042328042328,0.26139088729016785
bow,0.2328042328042328,0.2637889688249401
bow,0.23412698412698413,0.2637889688249401
bow,0.23412698412698413,0.26458832933653076
bow,0.23677248677248677,0.26458832933653076
bow,0.23677248677248677,0.266986410871303
bow,0.23809523809523808,0.266986410871303
bow,0.23809523809523808,0.2701838529176659
bow,0.23941798941798942,0.2701838529176659
bow,0.23941798941798942,0.27577937649880097
bow,0.24206349206349206,0.27577937649880097
bow,0.24206349206349206,0.2765787370103917
bow,0.24338624338624337,0.2765787370103917
bow,0.24338624338624337,0.2773780975219824
bow,0.24603174603174602,0.2773780975219824
bow,0.24603174603174602,0.28137490007993604
bow,0.24867724867724866,0.28137490007993604
bow,0.24867724867724866,0.28457234212629895
bow,0.25,0.28457234212629895
bow,0.25,0.290167865707434
bow,0.25396825396825395,0.290167865707434
bow,0.25396825396825395,0.29096722621902477
bow,0.2552910052910053,0.29096722621902477
bow,0.2552910052910053,0.2917665867306155
bow,0.2566137566137566,0.2917665867306155
bow,0.2566137566137566,0.2941646682653877
bow,0.25793650793650796,0.2941646682653877
bow,0.25793650793650796,0.30455635491606714
bow,0.25925925925925924,0.30455635491606714
bow,0.25925925925925924,0.3061550759392486
bow,0.2619047619047619,0.3061550759392486
bow,0.2619047619047619,0.30935251798561153
bow,0.26322751322751325,0.30935251798561153
bow,0.26322751322751325,0.31574740207833735
bow,0.26587301587301587,0.31574740207833735
bow,0.26587301587301587,0.3181454836131095
bow,0.2671957671957672,0.3181454836131095
bow,0.2671957671957672,0.31894484412470026
bow,0.26851851851851855,0.31894484412470026
bow,0.26851851851851855,0.31974420463629094
bow,0.2698412698412698,0.31974420463629094
bow,0.2698412698412698,0.3213429256594724
bow,0.27116402116402116,0.3213429256594724
bow,0.27116402116402116,0.32214228617106316
bow,0.2724867724867725,0.32214228617106316
bow,0.2724867724867725,0.3261390887290168
bow,0.2751322751322751,0.3261390887290168
bow,0.2751322751322751,0.32773780975219824
bow,0.27645502645502645,0.32773780975219824
bow,0.27645502645502645,0.33093525179856115
bow,0.2777777777777778,0.33093525179856115
bow,0.2777777777777778,0.33253397282174263
bow,0.2791005291005291,0.33253397282174263
bow,0.2791005291005291,0.3333333333333333
bow,0.2804232804232804,0.3333333333333333
bow,0.2804232804232804,0.33413269384492406
bow,0.28174603174603174,0.33413269384492406
bow,0.28174603174603174,0.33733013589128696
bow,0.2830687830687831,0.33733013589128696
bow,0.2830687830687831,0.3405275779376499
bow,0.2857142857142857,0.3405275779376499
bow,0.2857142857142857,0.34772182254196643
bow,0.2896825396825397,0.34772182254196643
bow,0.2896825396825397,0.34852118305355717
bow,0.291005291005291,0.34852118305355717
bow,0.291005291005291,0.3517186250999201
bow,0.2923280423280423,0.3517186250999201
bow,0.2923280423280423,0.35571542765787373
bow,0.29365079365079366,0.35571542765787373
bow,0.29365079365079366,0.3565147881694644
bow,0.294973544973545,0.3565147881694644
bow,0.294973544973545,0.35731414868105515
bow,0.29894179894179895,0.35731414868105515
bow,0.29894179894179895,0.3581135091926459
bow,0.30158730158730157,0.3581135091926459
bow,0.30158730158730157,0.36211031175059955
bow,0.3029100529100529,0.36211031175059955
bow,0.3029100529100529,0.36290967226219023
bow,0.30423280423280424,0.36290967226219023
bow,0.30423280423280424,0.36530775379696245
bow,0.3055555555555556,0.36530775379696245
bow,0.3055555555555556,0.36610711430855314
bow,0.30687830687830686,0.36610711430855314
bow,0.30687830687830686,0.3677058353317346
bow,0.3082010582010582,0.3677058353317346
bow,0.3082010582010582,0.36850519584332536
bow,0.30952380952380953,0.36850519584332536
bow,0.30952380952380953,0.3701039168665068
bow,0.31084656084656087,0.3701039168665068
bow,0.31084656084656087,0.37090327737809753
bow,0.31613756613756616,0.37090327737809753
bow,0.31613756613756616,0.37170263788968827
bow,0.31746031746031744,0.37170263788968827
bow,0.31746031746031744,0.3780975219824141
bow,0.32142857142857145,0.3780975219824141
bow,0.32142857142857145,0.3796962430055955
bow,0.32275132275132273,0.3796962430055955
bow,0.32275132275132273,0.3820943245403677
bow,0.32407407407407407,0.3820943245403677
bow,0.32407407407407407,0.38609112709832133
bow,0.32936507936507936,0.38609112709832133
bow,0.32936507936507936,0.38848920863309355
bow,0.3306878306878307,0.38848920863309355
bow,0.3306878306878307,0.39248601119104715
bow,0.3333333333333333,0.39248601119104715
bow,0.3333333333333333,0.39408473221422863
bow,0.33465608465608465,0.39408473221422863
bow,0.33465608465608465,0.3964828137490008
bow,0.335978835978836,0.3964828137490008
bow,0.335978835978836,0.39728217426059154
bow,0.3386243386243386,0.39728217426059154
bow,0.3386243386243386,0.3996802557953637
bow,0.33994708994708994,0.3996802557953637
bow,0.33994708994708994,0.4012789768185452
bow,0.3425925925925926,0.4012789768185452
bow,0.3425925925925926,0.4028776978417266
bow,0.34523809523809523,0.4028776978417266
bow,0.34523809523809523,0.4044764188649081
bow,0.34656084656084657,0.4044764188649081
bow,0.34656084656084657,0.4052757793764988
bow,0.3492063492063492,0.4052757793764988
bow,0.3492063492063492,0.40687450039968026
bow,0.3505291005291005,0.40687450039968026
bow,0.3505291005291005,0.407673860911271
bow,0.3544973544973545,0.407673860911271
bow,0.3544973544973545,0.4084732214228617
bow,0.3558201058201058,0.4084732214228617
bow,0.3558201058201058,0.41566746602717825
bow,0.35714285714285715,0.41566746602717825
bow,0.35714285714285715,0.4180655475619504
bow,0.3584656084656085,0.4180655475619504
bow,0.3584656084656085,0.42046362909672264
bow,0.35978835978835977,0.42046362909672264
bow,0.35978835978835977,0.4228617106314948
bow,0.3637566137566138,0.4228617106314948
bow,0.3637566137566138,0.4284572342126299
bow,0.36507936507936506,0.4284572342126299
bow,0.36507936507936506,0.434052757793765
bow,0.36904761904761907,0.434052757793765
bow,0.36904761904761907,0.43565147881694644
bow,0.37037037037037035,0.43565147881694644
bow,0.37037037037037035,0.4396482813749001
bow,0.3716931216931217,0.4396482813749001
bow,0.3716931216931217,0.4412470023980815
bow,0.373015873015873,0.4412470023980815
bow,0.373015873015873,0.44204636290967225
bow,0.37433862433862436,0.44204636290967225
bow,0.37433862433862436,0.44524380495603516
bow,0.37566137566137564,0.44524380495603516
bow,0.37566137566137564,0.4492406075139888
bow,0.376984126984127,0.4492406075139888
bow,0.376984126984127,0.45003996802557955
bow,0.3783068783068783,0.45003996802557955
bow,0.3783068783068783,0.45083932853717024
bow,0.37962962962962965,0.45083932853717024
bow,0.37962962962962965,0.45323741007194246
bow,0.38227513227513227,0.45323741007194246
bow,0.38227513227513227,0.4572342126298961
bow,0.3835978835978836,0.4572342126298961
bow,0.3835978835978836,0.4580335731414868
bow,0.38492063492063494,0.4580335731414868
bow,0.38492063492063494,0.4596322941646683
bow,0.38756613756613756,0.4596322941646683
bow,0.38756613756613756,0.460431654676259
bow,0.3888888888888889,0.460431654676259
bow,0.3888888888888889,0.46203037569944044
bow,0.39285714285714285,0.46203037569944044
bow,0.39285714285714285,0.4644284572342126
bow,0.3941798941798942,0.4644284572342126
bow,0.3941798941798942,0.4676258992805755
bow,0.3955026455026455,0.4676258992805755
bow,0.3955026455026455,0.46842525979216626
bow,0.3968253968253968,0.46842525979216626
bow,0.3968253968253968,0.47322142286171065
bow,0.39814814814814814,0.47322142286171065
bow,0.39814814814814814,0.47402078337330134
bow,0.4007936507936508,0.47402078337330134
bow,0.4007936507936508,0.47721822541966424
bow,0.4021164021164021,0.47721822541966424
bow,0.4021164021164021,0.48041566746602715
bow,0.40476190476190477,0.48041566746602715
bow,0.40476190476190477,0.4812150279776179
bow,0.4074074074074074,0.4812150279776179
bow,0.4074074074074074,0.48361310951239006
bow,0.4113756613756614,0.48361310951239006
bow,0.4113756613756614,0.48521183053557154
bow,0.41798941798941797,0.48521183053557154
bow,0.41798941798941797,0.4876099120703437
bow,0.42063492063492064,0.4876099120703437
bow,0.42063492063492064,0.4892086330935252
bow,0.421957671957672,0.4892086330935252
bow,0.421957671957672,0.4980015987210232
bow,0.42328042328042326,0.4980015987210232
bow,0.42328042328042326,0.4988009592326139
bow,0.4246031746031746,0.4988009592326139
bow,0.4246031746031746,0.5003996802557954
bow,0.42592592592592593,0.5003996802557954
bow,0.42592592592592593,0.5011990407673861
bow,0.42724867724867727,0.5011990407673861
bow,0.42724867724867727,0.504396482813749
bow,0.42857142857142855,0.504396482813749
bow,0.42857142857142855,0.5067945643485212
bow,0.4298941798941799,0.5067945643485212
bow,0.4298941798941799,0.5075939248601119
bow,0.4312169312169312,0.5075939248601119
bow,0.4312169312169312,0.5083932853717026
bow,0.43386243386243384,0.5083932853717026
bow,0.43386243386243384,0.5107913669064749
bow,0.4351851851851852,0.5107913669064749
bow,0.4351851851851852,0.513189448441247
bow,0.4365079365079365,0.513189448441247
bow,0.4365079365079365,0.5139888089528377
bow,0.43783068783068785,0.5139888089528377
bow,0.43783068783068785,0.5147881694644284
bow,0.43915343915343913,0.5147881694644284
bow,0.43915343915343913,0.5155875299760192
bow,0.4417989417989418,0.5155875299760192
bow,0.4417989417989418,0.5163868904876099
bow,0.44312169312169314,0.5163868904876099
bow,0.44312169312169314,0.5179856115107914
bow,0.4444444444444444,0.5179856115107914
bow,0.4444444444444444,0.518784972022382
bow,0.4470899470899471,0.518784972022382
bow,0.4470899470899471,0.5211830535571543
bow,0.44841269841269843,0.5211830535571543
bow,0.44841269841269843,0.5283772981614708
bow,0.45105820105820105,0.5283772981614708
bow,0.45105820105820105,0.5291766586730615
bow,0.455026455026455,0.5291766586730615
bow,0.455026455026455,0.5299760191846523
bow,0.45634920634920634,0.5299760191846523
bow,0.45634920634920634,0.5315747402078337
bow,0.458994708994709,0.5315747402078337
bow,0.458994708994709,0.5323741007194245
bow,0.46164021164021163,0.5323741007194245
bow,0.46164021164021163,0.533972821742606
bow,0.46296296296296297,0.533972821742606
bow,0.46296296296296297,0.5355715427657873
bow,0.4656084656084656,0.5355715427657873
bow,0.4656084656084656,0.5371702637889688
bow,0.4669312169312169,0.5371702637889688
bow,0.4669312169312169,0.5379696243005595
bow,0.46825396825396826,0.5379696243005595
bow,0.46825396825396826,0.5403677058353318
bow,0.4722222222222222,0.5403677058353318
bow,0.4722222222222222,0.5411670663469225
bow,0.47354497354497355,0.5411670663469225
bow,0.47354497354497355,0.5419664268585132
bow,0.4748677248677249,0.5419664268585132
bow,0.4748677248677249,0.5443645083932853
bow,0.4775132275132275,0.5443645083932853
bow,0.4775132275132275,0.5451638689048761
bow,0.4801587301587302,0.5451638689048761
bow,0.4801587301587302,0.5491606714628298
bow,0.48544973544973546,0.5491606714628298
bow,0.48544973544973546,0.5507593924860112
bow,0.4880952380952381,0.5507593924860112
bow,0.4880952380952381,0.5531574740207834
bow,0.49074074074074076,0.5531574740207834
bow,0.49074074074074076,0.5539568345323741
bow,0.49206349206349204,0.5539568345323741
bow,0.49206349206349204,0.5555555555555556
bow,0.4933862433862434,0.5555555555555556
bow,0.4933862433862434,0.5579536370903277
bow,0.4947089947089947,0.5579536370903277
bow,0.4947089947089947,0.5619504396482814
bow,0.49603174603174605,0.5619504396482814
bow,0.49603174603174605,0.5651478816946442
bow,0.4973544973544973,0.5651478816946442
bow,0.4973544973544973,0.5667466027178257
bow,0.5,0.5667466027178257
bow,0.5,0.5675459632294164
bow,0.5013227513227513,0.5675459632294164
bow,0.5013227513227513,0.5707434052757794
bow,0.5052910052910053,0.5707434052757794
bow,0.5052910052910053,0.5715427657873701
bow,0.5079365079365079,0.5715427657873701
bow,0.5079365079365079,0.5731414868105515
bow,0.5092592592592593,0.5731414868105515
bow,0.5092592592592593,0.5771382893685052
bow,0.5105820105820106,0.5771382893685052
bow,0.5105820105820106,0.5779376498800959
bow,0.5119047619047619,0.5779376498800959
bow,0.5119047619047619,0.580335731414868
bow,0.5132275132275133,0.580335731414868
bow,0.5132275132275133,0.5811350919264588
bow,0.5158730158730159,0.5811350919264588
bow,0.5158730158730159,0.5819344524380495
bow,0.5185185185185185,0.5819344524380495
bow,0.5185185185185185,0.583533173461231
bow,0.5198412698412699,0.583533173461231
bow,0.5198412698412699,0.5859312549960032
bow,0.5211640211640212,0.5859312549960032
bow,0.5211640211640212,0.586730615507594
bow,0.5238095238095238,0.586730615507594
bow,0.5238095238095238,0.5875299760191847
bow,0.5251322751322751,0.5875299760191847
bow,0.5251322751322751,0.5883293365307753
bow,0.5264550264550265,0.5883293365307753
bow,0.5264550264550265,0.5915267785771383
bow,0.5277777777777778,0.5915267785771383
bow,0.5277777777777778,0.592326139088729
bow,0.5291005291005291,0.592326139088729
bow,0.5291005291005291,0.5931254996003198
bow,0.5357142857142857,0.5931254996003198
bow,0.5357142857142857,0.5947242206235012
bow,0.5370370370370371,0.5947242206235012
bow,0.5370370370370371,0.595523581135092
bow,0.5383597883597884,0.595523581135092
bow,0.5383597883597884,0.5979216626698641
bow,0.5396825396825397,0.5979216626698641
bow,0.5396825396825397,0.5987210231814548
bow,0.544973544973545,0.5987210231814548
bow,0.544973544973545,0.6003197442046363
bow,0.5462962962962963,0.6003197442046363
bow,0.5462962962962963,0.6027178257394085
bow,0.5476190476190477,0.6027178257394085
bow,0.5476190476190477,0.6035171862509991
bow,0.5515873015873016,0.6035171862509991
bow,0.5515873015873016,0.6051159072741806
bow,0.5529100529100529,0.6051159072741806
bow,0.5529100529100529,0.6059152677857714
bow,0.5568783068783069,0.6059152677857714
bow,0.5568783068783069,0.6067146282973621
bow,0.5582010582010583,0.6067146282973621
bow,0.5582010582010583,0.6107114308553158
bow,0.5648148148148148,0.6107114308553158
bow,0.5648148148148148,0.6123101518784972
bow,0.5661375661375662,0.6123101518784972
bow,0.5661375661375662,0.6131095123900879
bow,0.5674603174603174,0.6131095123900879
bow,0.5674603174603174,0.6139088729016786
bow,0.5714285714285714,0.6139088729016786
bow,0.5714285714285714,0.6163069544364509
bow,0.5727513227513228,0.6163069544364509
bow,0.5727513227513228,0.6171063149480416
bow,0.5740740740740741,0.6171063149480416
bow,0.5740740740740741,0.6219024780175859
bow,0.5767195767195767,0.6219024780175859
bow,0.5767195767195767,0.6243005595523581
bow,0.5793650793650794,0.6243005595523581
bow,0.5793650793650794,0.6250999200639489
bow,0.5846560846560847,0.6250999200639489
bow,0.5846560846560847,0.627498001598721
bow,0.5859788359788359,0.627498001598721
bow,0.5859788359788359,0.6290967226219025
bow,0.5912698412698413,0.6290967226219025
bow,0.5912698412698413,0.6298960831334932
bow,0.5925925925925926,0.6298960831334932
bow,0.5925925925925926,0.6306954436450839
bow,0.593915343915344,0.6306954436450839
bow,0.593915343915344,0.6354916067146283
bow,0.5952380952380952,0.6354916067146283
bow,0.5952380952380952,0.6386890487609912
bow,0.6058201058201058,0.6386890487609912
bow,0.6058201058201058,0.6394884092725819
bow,0.6084656084656085,0.6394884092725819
bow,0.6084656084656085,0.6402877697841727
bow,0.6124338624338624,0.6402877697841727
bow,0.6124338624338624,0.6466826538768985
bow,0.6150793650793651,0.6466826538768985
bow,0.6150793650793651,0.6498800959232613
bow,0.6177248677248677,0.6498800959232613
bow,0.6177248677248677,0.6514788169464428
bow,0.6203703703703703,0.6514788169464428
bow,0.6203703703703703,0.6554756195043965
bow,0.623015873015873,0.6554756195043965
bow,0.623015873015873,0.657074340527578
bow,0.6243386243386243,0.657074340527578
bow,0.6243386243386243,0.6578737010391686
bow,0.6283068783068783,0.6578737010391686
bow,0.6283068783068783,0.6602717825739408
bow,0.6296296296296297,0.6602717825739408
bow,0.6296296296296297,0.6610711430855316
bow,0.6309523809523809,0.6610711430855316
bow,0.6309523809523809,0.662669864108713
bow,0.6349206349206349,0.662669864108713
bow,0.6349206349206349,0.6634692246203038
bow,0.6375661375661376,0.6634692246203038
bow,0.6375661375661376,0.6642685851318945
bow,0.6388888888888888,0.6642685851318945
bow,0.6388888888888888,0.6650679456434853
bow,0.6415343915343915,0.6650679456434853
bow,0.6415343915343915,0.6666666666666666
bow,0.6441798941798942,0.6666666666666666
bow,0.6441798941798942,0.6674660271782574
bow,0.6455026455026455,0.6674660271782574
bow,0.6455026455026455,0.6722621902478018
bow,0.6481481481481481,0.6722621902478018
bow,0.6481481481481481,0.6738609112709832
bow,0.6494708994708994,0.6738609112709832
bow,0.6494708994708994,0.6746602717825739
bow,0.6507936507936508,0.6746602717825739
bow,0.6507936507936508,0.6762589928057554
bow,0.6547619047619048,0.6762589928057554
bow,0.6547619047619048,0.6770583533173461
bow,0.656084656084656,0.6770583533173461
bow,0.656084656084656,0.6786570743405276
bow,0.6574074074074074,0.6786570743405276
bow,0.6574074074074074,0.6802557953637091
bow,0.66005291005291,0.6802557953637091
bow,0.66005291005291,0.6810551558752997
bow,0.6613756613756614,0.6810551558752997
bow,0.6613756613756614,0.6818545163868905
bow,0.6626984126984127,0.6818545163868905
bow,0.6626984126984127,0.6834532374100719
bow,0.6640211640211641,0.6834532374100719
bow,0.6640211640211641,0.6842525979216627
bow,0.6666666666666666,0.6842525979216627
bow,0.6666666666666666,0.6874500399680256
bow,0.6706349206349206,0.6874500399680256
bow,0.6706349206349206,0.6882494004796164
bow,0.6732804232804233,0.6882494004796164
bow,0.6732804232804233,0.689048760991207
bow,0.6746031746031746,0.689048760991207
bow,0.6746031746031746,0.6898481215027977
bow,0.6772486772486772,0.6898481215027977
bow,0.6772486772486772,0.6930455635491607
bow,0.6785714285714286,0.6930455635491607
bow,0.6785714285714286,0.6954436450839329
bow,0.6812169312169312,0.6954436450839329
bow,0.6812169312169312,0.6970423661071143
bow,0.6838624338624338,0.6970423661071143
bow,0.6838624338624338,0.6994404476418865
bow,0.6851851851851852,0.6994404476418865
bow,0.6851851851851852,0.7026378896882494
bow,0.6865079365079365,0.7026378896882494
bow,0.6865079365079365,0.7050359712230215
bow,0.6891534391534392,0.7050359712230215
bow,0.6891534391534392,0.7058353317346123
bow,0.6904761904761905,0.7058353317346123
bow,0.6904761904761905,0.706634692246203
bow,0.6917989417989417,0.706634692246203
bow,0.6917989417989417,0.7090327737809752
bow,0.6931216931216931,0.7090327737809752
bow,0.6931216931216931,0.7114308553157475
bow,0.6957671957671958,0.7114308553157475
bow,0.6957671957671958,0.7122302158273381
bow,0.6984126984126984,0.7122302158273381
bow,0.6984126984126984,0.7138289368505196
bow,0.6997354497354498,0.7138289368505196
bow,0.6997354497354498,0.7146282973621103
bow,0.701058201058201,0.7146282973621103
bow,0.701058201058201,0.7170263788968825
bow,0.7023809523809523,0.7170263788968825
bow,0.7023809523809523,0.7178257394084733
bow,0.7037037037037037,0.7178257394084733
bow,0.7037037037037037,0.718625099920064
bow,0.705026455026455,0.718625099920064
bow,0.705026455026455,0.7194244604316546
bow,0.7063492063492064,0.7194244604316546
bow,0.7063492063492064,0.7202238209432454
bow,0.7076719576719577,0.7202238209432454
bow,0.7076719576719577,0.7210231814548361
bow,0.708994708994709,0.7210231814548361
bow,0.708994708994709,0.7218225419664268
bow,0.7116402116402116,0.7218225419664268
bow,0.7116402116402116,0.7226219024780176
bow,0.7129629629629629,0.7226219024780176
bow,0.7129629629629629,0.7242206235011991
bow,0.7142857142857143,0.7242206235011991
bow,0.7142857142857143,0.7250199840127898
bow,0.7156084656084656,0.7250199840127898
bow,0.7156084656084656,0.7258193445243805
bow,0.716931216931217,0.7258193445243805
bow,0.716931216931217,0.7274180655475619
bow,0.7182539682539683,0.7274180655475619
bow,0.7182539682539683,0.7282174260591526
bow,0.7195767195767195,0.7282174260591526
bow,0.7195767195767195,0.7306155075939249
bow,0.7208994708994709,0.7306155075939249
bow,0.7208994708994709,0.7314148681055156
bow,0.7222222222222222,0.7314148681055156
bow,0.7222222222222222,0.7338129496402878
bow,0.7235449735449735,0.7338129496402878
bow,0.7235449735449735,0.7362110311750599
bow,0.7248677248677249,0.7362110311750599
bow,0.7248677248677249,0.7370103916866507
bow,0.7261904761904762,0.7370103916866507
bow,0.7261904761904762,0.7426059152677857
bow,0.7275132275132276,0.7426059152677857
bow,0.7275132275132276,0.7458033573141487
bow,0.7301587301587301,0.7458033573141487
bow,0.7301587301587301,0.7474020783373302
bow,0.7314814814814815,0.7474020783373302
bow,0.7314814814814815,0.7482014388489209
bow,0.7328042328042328,0.7482014388489209
bow,0.7328042328042328,0.7498001598721024
bow,0.7341269841269841,0.7498001598721024
bow,0.7341269841269841,0.750599520383693
bow,0.7367724867724867,0.750599520383693
bow,0.7367724867724867,0.7529976019184652
bow,0.7394179894179894,0.7529976019184652
bow,0.7394179894179894,0.7545963229416467
bow,0.7407407407407407,0.7545963229416467
bow,0.7407407407407407,0.7553956834532374
bow,0.7420634920634921,0.7553956834532374
bow,0.7420634920634921,0.7561950439648282
bow,0.7433862433862434,0.7561950439648282
bow,0.7433862433862434,0.7569944044764189
bow,0.7447089947089947,0.7569944044764189
bow,0.7447089947089947,0.7577937649880095
bow,0.7473544973544973,0.7577937649880095
bow,0.7473544973544973,0.759392486011191
bow,0.75,0.759392486011191
bow,0.75,0.7601918465227818
bow,0.7526455026455027,0.7601918465227818
bow,0.7526455026455027,0.7617905675459632
bow,0.753968253968254,0.7617905675459632
bow,0.753968253968254,0.7673860911270983
bow,0.7552910052910053,0.7673860911270983
bow,0.7552910052910053,0.771382893685052
bow,0.7592592592592593,0.771382893685052
bow,0.7592592592592593,0.7721822541966427
bow,0.7605820105820106,0.7721822541966427
bow,0.7605820105820106,0.7729816147082335
bow,0.7685185185185185,0.7729816147082335
bow,0.7685185185185185,0.7761790567545963
bow,0.7698412698412699,0.7761790567545963
bow,0.7698412698412699,0.7785771382893685
bow,0.7724867724867724,0.7785771382893685
bow,0.7724867724867724,0.7841726618705036
bow,0.7751322751322751,0.7841726618705036
bow,0.7751322751322751,0.7865707434052758
bow,0.7764550264550265,0.7865707434052758
bow,0.7764550264550265,0.7897681854516387
bow,0.7777777777777778,0.7897681854516387
bow,0.7777777777777778,0.7945643485211831
bow,0.7791005291005291,0.7945643485211831
bow,0.7791005291005291,0.7961630695443646
bow,0.7804232804232805,0.7961630695443646
bow,0.7804232804232805,0.7977617905675459
bow,0.7817460317460317,0.7977617905675459
bow,0.7817460317460317,0.8017585931254996
bow,0.7843915343915344,0.8017585931254996
bow,0.7843915343915344,0.8033573141486811
bow,0.7857142857142857,0.8033573141486811
bow,0.7857142857142857,0.8041566746602717
bow,0.7896825396825397,0.8041566746602717
bow,0.7896825396825397,0.8049560351718625
bow,0.791005291005291,0.8049560351718625
bow,0.791005291005291,0.8057553956834532
bow,0.7923280423280423,0.8057553956834532
bow,0.7923280423280423,0.8073541167066347
bow,0.7962962962962963,0.8073541167066347
bow,0.7962962962962963,0.8089528377298162
bow,0.798941798941799,0.8089528377298162
bow,0.798941798941799,0.815347721822542
bow,0.8002645502645502,0.815347721822542
bow,0.8002645502645502,0.8169464428457234
bow,0.8015873015873016,0.8169464428457234
bow,0.8015873015873016,0.8185451638689049
bow,0.8029100529100529,0.8185451638689049
bow,0.8029100529100529,0.8201438848920863
bow,0.8042328042328042,0.8201438848920863
bow,0.8042328042328042,0.8225419664268585
bow,0.8055555555555556,0.8225419664268585
bow,0.8055555555555556,0.82414068745004
bow,0.8068783068783069,0.82414068745004
bow,0.8068783068783069,0.8265387689848122
bow,0.8095238095238095,0.8265387689848122
bow,0.8095238095238095,0.8273381294964028
bow,0.8108465608465608,0.8273381294964028
bow,0.8108465608465608,0.8281374900079936
bow,0.8134920634920635,0.8281374900079936
bow,0.8134920634920635,0.829736211031175
bow,0.8174603174603174,0.829736211031175
bow,0.8174603174603174,0.8305355715427658
bow,0.8187830687830688,0.8305355715427658
bow,0.8187830687830688,0.8321342925659473
bow,0.8201058201058201,0.8321342925659473
bow,0.8201058201058201,0.8353317346123101
bow,0.8214285714285714,0.8353317346123101
bow,0.8214285714285714,0.8361310951239008
bow,0.8227513227513228,0.8361310951239008
bow,0.8227513227513228,0.8377298161470823
bow,0.8240740740740741,0.8377298161470823
bow,0.8240740740740741,0.8457234212629896
bow,0.8253968253968254,0.8457234212629896
bow,0.8253968253968254,0.8465227817745803
bow,0.828042328042328,0.8465227817745803
bow,0.828042328042328,0.8473221422861711
bow,0.8293650793650794,0.8473221422861711
bow,0.8293650793650794,0.8481215027977618
bow,0.8306878306878307,0.8481215027977618
bow,0.8306878306878307,0.8497202238209433
bow,0.832010582010582,0.8497202238209433
bow,0.832010582010582,0.8529176658673061
bow,0.8333333333333334,0.8529176658673061
bow,0.8333333333333334,0.8537170263788969
bow,0.8346560846560847,0.8537170263788969
bow,0.8346560846560847,0.8561151079136691
bow,0.8386243386243386,0.8561151079136691
bow,0.8386243386243386,0.8633093525179856
bow,0.8412698412698413,0.8633093525179856
bow,0.8412698412698413,0.8641087130295764
bow,0.843915343915344,0.8641087130295764
bow,0.843915343915344,0.8673061550759392
bow,0.8452380952380952,0.8673061550759392
bow,0.8452380952380952,0.873701039168665
bow,0.8465608465608465,0.873701039168665
bow,0.8465608465608465,0.8760991207034372
bow,0.8478835978835979,0.8760991207034372
bow,0.8478835978835979,0.876898481215028
bow,0.8505291005291006,0.876898481215028
bow,0.8505291005291006,0.8776978417266187
bow,0.8518518518518519,0.8776978417266187
bow,0.8518518518518519,0.8800959232613909
bow,0.8531746031746031,0.8800959232613909
bow,0.8531746031746031,0.882494004796163
bow,0.8544973544973545,0.882494004796163
bow,0.8544973544973545,0.8840927258193445
bow,0.8558201058201058,0.8840927258193445
bow,0.8558201058201058,0.8848920863309353
bow,0.8597883597883598,0.8848920863309353
bow,0.8597883597883598,0.8864908073541167
bow,0.8611111111111112,0.8864908073541167
bow,0.8611111111111112,0.8872901678657075
bow,0.8624338624338624,0.8872901678657075
bow,0.8624338624338624,0.8888888888888888
bow,0.8664021164021164,0.8888888888888888
bow,0.8664021164021164,0.894484412470024
bow,0.8690476190476191,0.894484412470024
bow,0.8690476190476191,0.8952837729816147
bow,0.8703703703703703,0.8952837729816147
bow,0.8703703703703703,0.8960831334932055
bow,0.8716931216931217,0.8960831334932055
bow,0.8716931216931217,0.8968824940047961
bow,0.876984126984127,0.8968824940047961
bow,0.876984126984127,0.8976818545163869
bow,0.8783068783068783,0.8976818545163869
bow,0.8783068783068783,0.9008792965627498
bow,0.8796296296296297,0.9008792965627498
bow,0.8796296296296297,0.9016786570743405
bow,0.8809523809523809,0.9016786570743405
bow,0.8809523809523809,0.9056754596322941
bow,0.8822751322751323,0.9056754596322941
bow,0.8822751322751323,0.9104716227018386
bow,0.8835978835978836,0.9104716227018386
bow,0.8835978835978836,0.9112709832134293
bow,0.8849206349206349,0.9112709832134293
bow,0.8849206349206349,0.9136690647482014
bow,0.8862433862433863,0.9136690647482014
bow,0.8862433862433863,0.9144684252597922
bow,0.8902116402116402,0.9144684252597922
bow,0.8902116402116402,0.9160671462829736
bow,0.8941798941798942,0.9160671462829736
bow,0.8941798941798942,0.9168665067945644
bow,0.8981481481481481,0.9168665067945644
bow,0.8981481481481481,0.9184652278177458
bow,0.8994708994708994,0.9184652278177458
bow,0.8994708994708994,0.9192645883293366
bow,0.9007936507936508,0.9192645883293366
bow,0.9007936507936508,0.9200639488409272
bow,0.9021164021164021,0.9200639488409272
bow,0.9021164021164021,0.9224620303756994
bow,0.9034391534391535,0.9224620303756994
bow,0.9034391534391535,0.926458832933653
bow,0.9047619047619048,0.926458832933653
bow,0.9047619047619048,0.9272581934452439
bow,0.9074074074074074,0.9272581934452439
bow,0.9074074074074074,0.9280575539568345
bow,0.9087301587301587,0.9280575539568345
bow,0.9087301587301587,0.9304556354916067
bow,0.91005291005291,0.9304556354916067
bow,0.91005291005291,0.9336530775379697
bow,0.9126984126984127,0.9336530775379697
bow,0.9126984126984127,0.9344524380495604
bow,0.9140211640211641,0.9344524380495604
bow,0.9140211640211641,0.935251798561151
bow,0.9193121693121693,0.935251798561151
bow,0.9193121693121693,0.938449240607514
bow,0.9206349206349206,0.938449240607514
bow,0.9206349206349206,0.9392486011191047
bow,0.9232804232804233,0.9392486011191047
bow,0.9232804232804233,0.9400479616306955
bow,0.9246031746031746,0.9400479616306955
bow,0.9246031746031746,0.9408473221422862
bow,0.9272486772486772,0.9408473221422862
bow,0.9272486772486772,0.9416466826538769
bow,0.9285714285714286,0.9416466826538769
bow,0.9285714285714286,0.9424460431654677
bow,0.9298941798941799,0.9424460431654677
bow,0.9298941798941799,0.9456434852118305
bow,0.9312169312169312,0.9456434852118305
bow,0.9312169312169312,0.947242206235012
bow,0.9325396825396826,0.947242206235012
bow,0.9325396825396826,0.9480415667466027
bow,0.9338624338624338,0.9480415667466027
bow,0.9338624338624338,0.9488409272581935
bow,0.9378306878306878,0.9488409272581935
bow,0.9378306878306878,0.950439648281375
bow,0.9391534391534392,0.950439648281375
bow,0.9391534391534392,0.9520383693045563
bow,0.9404761904761905,0.9520383693045563
bow,0.9404761904761905,0.9536370903277378
bow,0.9417989417989417,0.9536370903277378
bow,0.9417989417989417,0.9552358113509193
bow,0.9431216931216931,0.9552358113509193
bow,0.9431216931216931,0.95603517186251
bow,0.9444444444444444,0.95603517186251
bow,0.9444444444444444,0.9616306954436451
bow,0.9470899470899471,0.9616306954436451
bow,0.9470899470899471,0.9632294164668266
bow,0.9497354497354498,0.9632294164668266
bow,0.9497354497354498,0.964828137490008
bow,0.9537037037037037,0.964828137490008
bow,0.9537037037037037,0.9664268585131894
bow,0.955026455026455,0.9664268585131894
bow,0.955026455026455,0.9672262190247801
bow,0.9563492063492064,0.9672262190247801
bow,0.9563492063492064,0.9680255795363709
bow,0.9576719576719577,0.9680255795363709
bow,0.9576719576719577,0.9688249400479616
bow,0.958994708994709,0.9688249400479616
bow,0.958994708994709,0.9720223820943246
bow,0.9616402116402116,0.9720223820943246
bow,0.9616402116402116,0.9760191846522782
bow,0.9629629629629629,0.9760191846522782
bow,0.9629629629629629,0.9776179056754596
bow,0.9642857142857143,0.9776179056754596
bow,0.9642857142857143,0.9800159872102319
bow,0.9656084656084656,0.9800159872102319
bow,0.9656084656084656,0.9816147082334132
bow,0.966931216931217,0.9816147082334132
bow,0.966931216931217,0.9848121502797762
bow,0.9682539682539683,0.9848121502797762
bow,0.9682539682539683,0.988009592326139
bow,0.9695767195767195,0.988009592326139
bow,0.9695767195767195,0.9888089528377298
bow,0.9708994708994709,0.9888089528377298
bow,0.9708994708994709,0.9896083133493205
bow,0.9722222222222222,0.9896083133493205
bow,0.9722222222222222,0.991207034372502
bow,0.9735449735449735,0.991207034372502
bow,0.9735449735449735,0.9928057553956835
bow,0.9761904761904762,0.9928057553956835
bow,0.9761904761904762,0.9936051159072742
bow,0.9814814814814815,0.9936051159072742
bow,0.9814814814814815,0.9944044764188649
bow,0.9828042328042328,0.9944044764188649
bow,0.9828042328042328,0.9976019184652278
bow,0.9880952380952381,0.9976019184652278
bow,0.9880952380952381,0.9984012789768185
bow,0.9933862433862434,0.9984012789768185
bow,0.9933862433862434,0.9992006394884093
bow,0.9986772486772487,0.9992006394884093
bow,0.9986772486772487,1.0
bow,1.0,1.0
embeddings,0.0,0.0
embeddings,0.0,0.0007993605115907274
embeddings,0.0,0.002398081534772182
embeddings,0.0026455026455026454,0.002398081534772182
embeddings,0.0026455026455026454,0.0031974420463629096
embeddings,0.005291005291005291,0.0031974420463629096
embeddings,0.005291005291005291,0.007993605115907274
embeddings,0.006613756613756613,0.007993605115907274
embeddings,0.006613756613756613,0.008792965627498001
embeddings,0.007936507936507936,0.008792965627498001
embeddings,0.007936507936507936,0.010391686650679457
embeddings,0.009259259259259259,0.010391686650679457
embeddings,0.009259259259259259,0.01598721023181455
embeddings,0.010582010582010581,0.01598721023181455
embeddings,0.010582010582010581,0.019184652278177457
embeddings,0.011904761904761904,0.019184652278177457
embeddings,0.011904761904761904,0.020783373301358914
embeddings,0.01455026455026455,0.020783373301358914
embeddings,0.01455026455026455,0.02238209432454037
embeddings,0.015873015873015872,0.02238209432454037
embeddings,0.015873015873015872,0.023181454836131096
embeddings,0.017195767195767195,0.023181454836131096
embeddings,0.017195767195767195,0.025579536370903277
embeddings,0.01984126984126984,0.025579536370903277
embeddings,0.01984126984126984,0.03117505995203837
embeddings,0.022486772486772486,0.03117505995203837
embeddings,0.022486772486772486,0.032773780975219824
embeddings,0.023809523809523808,0.032773780975219824
embeddings,0.023809523809523808,0.0407673860911271
embeddings,0.02513227513227513,0.0407673860911271
embeddings,0.02513227513227513,0.04316546762589928
embeddings,0.026455026455026454,0.04316546762589928
embeddings,0.026455026455026454,0.04396482813749001
embeddings,0.027777777777777776,0.04396482813749001
embeddings,0.027777777777777776,0.04476418864908074
embeddings,0.0291005291005291,0.04476418864908074
embeddings,0.0291005291005291,0.04716227018385292
embeddings,0.03306878306878307,0.04716227018385292
embeddings,0.03306878306878307,0.04876099120703437
embeddings,0.03439153439153439,0.04876099120703437
embeddings,0.03439153439153439,0.0495603517186251
embeddings,0.03571428571428571,0.0495603517186251
embeddings,0.03571428571428571,0.05195843325339728
embeddings,0.03835978835978836,0.05195843325339728
embeddings,0.03835978835978836,0.05435651478816946
embeddings,0.03968253968253968,0.05435651478816946
embeddings,0.03968253968253968,0.05675459632294165
embeddings,0.041005291005291,0.05675459632294165
embeddings,0.041005291005291,0.0671462829736211
embeddings,0.042328042328042326,0.0671462829736211
embeddings,0.042328042328042326,0.06794564348521183
embeddings,0.04365079365079365,0.06794564348521183
embeddings,0.04365079365079365,0.07194244604316546
embeddings,0.04497354497354497,0.07194244604316546
embeddings,0.04497354497354497,0.07673860911270983
embeddings,0.046296296296296294,0.07673860911270983
embeddings,0.046296296296296294,0.07833733013589128
embeddings,0.05026455026455026,0.07833733013589128
embeddings,0.05026455026455026,0.07993605115907274
embeddings,0.051587301587301584,0.07993605115907274
embeddings,0.051587301587301584,0.08633093525179857
embeddings,0.05555555555555555,0.08633093525179857
embeddings,0.05555555555555555,0.09432454036770584
embeddings,0.056878306878306875,0.09432454036770584
embeddings,0.056878306878306875,0.09752198241406874
embeddings,0.0582010582010582,0.09752198241406874
embeddings,0.0582010582010582,0.10471622701838529
embeddings,0.06084656084656084,0.10471622701838529
embeddings,0.06084656084656084,0.10631494804156674
embeddings,0.062169312169312166,0.10631494804156674
embeddings,0.062169312169312166,0.10871302957633892
embeddings,0.06481481481481481,0.10871302957633892
embeddings,0.06481481481481481,0.11031175059952038
embeddings,0.06613756613756613,0.11031175059952038
embeddings,0.06613756613756613,0.1111111111111111
embeddings,0.06746031746031746,0.1111111111111111
embeddings,0.06746031746031746,0.11270983213429256
embeddings,0.06878306878306878,0.11270983213429256
embeddings,0.06878306878306878,0.11430855315747403
embeddings,0.0701058201058201,0.11430855315747403
embeddings,0.0701058201058201,0.11670663469224621
embeddings,0.07142857142857142,0.11670663469224621
embeddings,0.07142857142857142,0.11750599520383694
embeddings,0.07275132275132275,0.11750599520383694
embeddings,0.07275132275132275,0.1223021582733813
embeddings,0.07804232804232804,0.1223021582733813
embeddings,0.07804232804232804,0.12310151878497202
embeddings,0.08068783068783068,0.12310151878497202
embeddings,0.08068783068783068,0.1254996003197442
embeddings,0.08597883597883597,0.1254996003197442
embeddings,0.08597883597883597,0.12629896083133493
embeddings,0.0873015873015873,0.12629896083133493
embeddings,0.0873015873015873,0.12709832134292565
embeddings,0.08862433862433862,0.12709832134292565
embeddings,0.08862433862433862,0.1310951239008793
embeddings,0.08994708994708994,0.1310951239008793
embeddings,0.08994708994708994,0.13189448441247004
embeddings,0.09126984126984126,0.13189448441247004
embeddings,0.09126984126984126,0.1334932054356515
embeddings,0.09391534391534391,0.1334932054356515
embeddings,0.09391534391534391,0.1342925659472422
embeddings,0.09523809523809523,0.1342925659472422
embeddings,0.09523809523809523,0.14388489208633093
embeddings,0.09656084656084656,0.14388489208633093
embeddings,0.09656084656084656,0.14468425259792167
embeddings,0.09788359788359788,0.14468425259792167
embeddings,0.09788359788359788,0.14548361310951238
embeddings,0.0992063492063492,0.14548361310951238
embeddings,0.0992063492063492,0.14708233413269384
embeddings,0.10052910052910052,0.14708233413269384
embeddings,0.10052910052910052,0.1486810551558753
embeddings,0.10185185185185185,0.1486810551558753
embeddings,0.10185185185185185,0.14948041566746603
embeddings,0.10449735449735449,0.14948041566746603
embeddings,0.10449735449735449,0.15027977617905675
embeddings,0.10582010582010581,0.15027977617905675
embeddings,0.10582010582010581,0.1510791366906475
embeddings,0.10978835978835978,0.1510791366906475
embeddings,0.10978835978835978,0.1542765787370104
embeddings,0.1111111111111111,0.1542765787370104
embeddings,0.1111111111111111,0.1550759392486011
embeddings,0.11243386243386243,0.1550759392486011
embeddings,0.11243386243386243,0.1574740207833733
embeddings,0.11375661375661375,0.1574740207833733
embeddings,0.11375661375661375,0.15987210231814547
embeddings,0.11507936507936507,0.15987210231814547
embeddings,0.11507936507936507,0.16386890487609912
embeddings,0.1164021164021164,0.16386890487609912
embeddings,0.1164021164021164,0.16626698641087131
embeddings,0.11904761904761904,0.16626698641087131
embeddings,0.11904761904761904,0.1718625099920064
embeddings,0.12169312169312169,0.1718625099920064
embeddings,0.12169312169312169,0.17266187050359713
embeddings,0.12301587301587301,0.17266187050359713
embeddings,0.12301587301587301,0.17346123101518784
embeddings,0.12698412698412698,0.17346123101518784
embeddings,0.12698412698412698,0.1750599520383693
embeddings,0.1283068783068783,0.1750599520383693
embeddings,0.1283068783068783,0.17665867306155075
embeddings,0.12962962962962962,0.17665867306155075
embeddings,0.12962962962962962,0.1806554756195044
embeddings,0.13095238095238096,0.1806554756195044
embeddings,0.13095238095238096,0.18305355715427657
embeddings,0.1349206349206349,0.18305355715427657
embeddings,0.1349206349206349,0.18625099920063948
embeddings,0.13756613756613756,0.18625099920063948
embeddings,0.13756613756613756,0.18784972022382093
embeddings,0.1388888888888889,0.18784972022382093
embeddings,0.1388888888888889,0.18864908073541167
embeddings,0.1402116402116402,0.18864908073541167
embeddings,0.1402116402116402,0.19104716227018384
embeddings,0.14153439153439154,0.19104716227018384
embeddings,0.14153439153439154,0.1926458832933653
embeddings,0.14285714285714285,0.1926458832933653
embeddings,0.14285714285714285,0.19344524380495604
embeddings,0.14417989417989419,0.19344524380495604
embeddings,0.14417989417989419,0.19424460431654678
embeddings,0.1455026455026455,0.19424460431654678
embeddings,0.1455026455026455,0.19664268585131894
embeddings,0.14682539682539683,0.19664268585131894
embeddings,0.14682539682539683,0.2006394884092726
embeddings,0.14814814814814814,0.2006394884092726
embeddings,0.14814814814814814,0.2014388489208633
embeddings,0.14947089947089948,0.2014388489208633
embeddings,0.14947089947089948,0.20223820943245405
embeddings,0.15079365079365079,0.20223820943245405
embeddings,0.15079365079365079,0.2038369304556355
embeddings,0.15343915343915343,0.2038369304556355
embeddings,0.15343915343915343,0.20623501199040767
embeddings,0.15476190476190477,0.20623501199040767
embeddings,0.15476190476190477,0.20783373301358912
embeddings,0.15608465608465608,0.20783373301358912
embeddings,0.15608465608465608,0.21023181454836132
embeddings,0.1574074074074074,0.21023181454836132
embeddings,0.1574074074074074,0.21103117505995203
embeddings,0.16005291005291006,0.21103117505995203
embeddings,0.16005291005291006,0.21262989608313348
embeddings,0.16137566137566137,0.21262989608313348
embeddings,0.16137566137566137,0.21342925659472423
embeddings,0.1626984126984127,0.21342925659472423
embeddings,0.1626984126984127,0.21662669864108713
embeddings,0.16534391534391535,0.21662669864108713
embeddings,0.16534391534391535,0.21742605915267785
embeddings,0.16666666666666666,0.21742605915267785
embeddings,0.16666666666666666,0.2182254196642686
embeddings,0.17063492063492064,0.2182254196642686
embeddings,0.17063492063492064,0.2190247801758593
embeddings,0.17328042328042328,0.2190247801758593
embeddings,0.17328042328042328,0.22062350119904076
embeddings,0.17592592592592593,0.22062350119904076
embeddings,0.17592592592592593,0.22541966426858512
embeddings,0.17857142857142858,0.22541966426858512
embeddings,0.17857142857142858,0.22621902478017586
embeddings,0.18121693121693122,0.22621902478017586
embeddings,0.18121693121693122,0.22861710631494805
embeddings,0.18253968253968253,0.22861710631494805
embeddings,0.18253968253968253,0.23261390887290168
embeddings,0.18386243386243387,0.23261390887290168
embeddings,0.18386243386243387,0.23341326938449242
embeddings,0.1865079365079365,0.23341326938449242
embeddings,0.1865079365079365,0.23501199040767387
embeddings,0.18783068783068782,0.23501199040767387
embeddings,0.18783068783068782,0.23581135091926458
embeddings,0.18915343915343916,0.23581135091926458
embeddings,0.18915343915343916,0.23741007194244604
embeddings,0.1917989417989418,0.23741007194244604
embeddings,0.1917989417989418,0.2390087929656275
embeddings,0.19576719576719576,0.2390087929656275
embeddings,0.19576719576719576,0.23980815347721823
embeddings,0.1970899470899471,0.23980815347721823
embeddings,0.1970899470899471,0.24060751398880895
embeddings,0.1984126984126984,0.24060751398880895
embeddings,0.1984126984126984,0.2414068745003997
embeddings,0.19973544973544974,0.2414068745003997
embeddings,0.19973544973544974,0.24300559552358114
embeddings,0.20105820105820105,0.24300559552358114
embeddings,0.20105820105820105,0.2478017585931255
embeddings,0.2037037037037037,0.2478017585931255
embeddings,0.2037037037037037,0.2501998401278977
embeddings,0.20634920634920634,0.2501998401278977
embeddings,0.20634920634920634,0.25259792166266987
embeddings,0.20767195767195767,0.25259792166266987
embeddings,0.20767195767195767,0.2597921662669864
embeddings,0.20899470899470898,0.2597921662669864
embeddings,0.20899470899470898,0.26059152677857716
embeddings,0.21296296296296297,0.26059152677857716
embeddings,0.21296296296296297,0.2637889688249401
embeddings,0.21428571428571427,0.2637889688249401
embeddings,0.21428571428571427,0.26458832933653076
embeddings,0.2156084656084656,0.26458832933653076
embeddings,0.2156084656084656,0.26778577138289367
embeddings,0.21693121693121692,0.26778577138289367
embeddings,0.21693121693121692,0.2701838529176659
embeddings,0.21825396825396826,0.2701838529176659
embeddings,0.21825396825396826,0.27258193445243806
embeddings,0.21957671957671956,0.27258193445243806
embeddings,0.21957671957671956,0.27577937649880097
embeddings,0.2208994708994709,0.27577937649880097
embeddings,0.2208994708994709,0.2797761790567546
embeddings,0.2222222222222222,0.2797761790567546
embeddings,0.2222222222222222,0.28936850519584334
embeddings,0.22354497354497355,0.28936850519584334
embeddings,0.22354497354497355,0.290167865707434
embeddings,0.22486772486772486,0.290167865707434
embeddings,0.22486772486772486,0.29096722621902477
embeddings,0.22883597883597884,0.29096722621902477
embeddings,0.22883597883597884,0.29256594724220625
embeddings,0.23015873015873015,0.29256594724220625
embeddings,0.23015873015873015,0.29576338928856916
embeddings,0.23148148148148148,0.29576338928856916
embeddings,0.23148148148148148,0.2981614708233413
embeddings,0.2328042328042328,0.2981614708233413
embeddings,0.2328042328042328,0.29896083133493206
embeddings,0.23412698412698413,0.29896083133493206
embeddings,0.23412698412698413,0.2997601918465228
embeddings,0.23544973544973544,0.2997601918465228
embeddings,0.23544973544973544,0.30135891286970423
embeddings,0.23677248677248677,0.30135891286970423
embeddings,0.23677248677248677,0.302158273381295
embeddings,0.23941798941798942,0.302158273381295
embeddings,0.23941798941798942,0.3029576338928857
embeddings,0.24338624338624337,0.3029576338928857
embeddings,0.24338624338624337,0.30455635491606714
embeddings,0.2447089947089947,0.30455635491606714
embeddings,0.2447089947089947,0.3053557154276579
embeddings,0.24603174603174602,0.3053557154276579
embeddings,0.24603174603174602,0.3069544364508393
embeddings,0.24735449735449735,0.3069544364508393
embeddings,0.24735449735449735,0.3117505995203837
embeddings,0.25132275132275134,0.3117505995203837
embeddings,0.25132275132275134,0.3149480415667466
embeddings,0.2526455026455027,0.3149480415667466
embeddings,0.2526455026455027,0.3181454836131095
embeddings,0.2552910052910053,0.3181454836131095
embeddings,0.2552910052910053,0.31894484412470026
embeddings,0.2566137566137566,0.31894484412470026
embeddings,0.2566137566137566,0.3213429256594724
embeddings,0.25793650793650796,0.3213429256594724
embeddings,0.25793650793650796,0.3229416466826539
embeddings,0.25925925925925924,0.3229416466826539
embeddings,0.25925925925925924,0.3269384492406075
embeddings,0.2605820105820106,0.3269384492406075
embeddings,0.2605820105820106,0.328537170263789
embeddings,0.2619047619047619,0.328537170263789
embeddings,0.2619047619047619,0.3333333333333333
embeddings,0.26322751322751325,0.3333333333333333
embeddings,0.26322751322751325,0.3349320543565148
embeddings,0.26455026455026454,0.3349320543565148
embeddings,0.26455026455026454,0.33733013589128696
embeddings,0.26587301587301587,0.33733013589128696
embeddings,0.26587301587301587,0.34212629896083135
embeddings,0.2671957671957672,0.34212629896083135
embeddings,0.2671957671957672,0.34292565947242204
embeddings,0.2698412698412698,0.34292565947242204
embeddings,0.2698412698412698,0.3437250199840128
embeddings,0.2724867724867725,0.3437250199840128
embeddings,0.2724867724867725,0.3445243804956035
embeddings,0.27380952380952384,0.3445243804956035
embeddings,0.27380952380952384,0.34532374100719426
embeddings,0.2751322751322751,0.34532374100719426
embeddings,0.2751322751322751,0.3469224620303757
embeddings,0.27645502645502645,0.3469224620303757
embeddings,0.27645502645502645,0.34852118305355717
embeddings,0.2791005291005291,0.34852118305355717
embeddings,0.2791005291005291,0.3533173461231015
embeddings,0.2804232804232804,0.3533173461231015
embeddings,0.2804232804232804,0.35891286970423664
embeddings,0.28174603174603174,0.35891286970423664
embeddings,0.28174603174603174,0.36290967226219023
embeddings,0.2830687830687831,0.36290967226219023
embeddings,0.2830687830687831,0.36370903277378097
embeddings,0.2843915343915344,0.36370903277378097
embeddings,0.2843915343915344,0.3645083932853717
embeddings,0.2857142857142857,0.3645083932853717
embeddings,0.2857142857142857,0.36610711430855314
embeddings,0.28703703703703703,0.36610711430855314
embeddings,0.28703703703703703,0.3669064748201439
embeddings,0.28835978835978837,0.3669064748201439
embeddings,0.28835978835978837,0.36850519584332536
embeddings,0.2896825396825397,0.36850519584332536
embeddings,0.2896825396825397,0.36930455635491605
embeddings,0.2923280423280423,0.36930455635491605
embeddings,0.2923280423280423,0.37250199840127896
embeddings,0.29365079365079366,0.37250199840127896
embeddings,0.29365079365079366,0.3780975219824141
embeddings,0.2976190476190476,0.3780975219824141
embeddings,0.2976190476190476,0.37889688249400477
embeddings,0.29894179894179895,0.37889688249400477
embeddings,0.29894179894179895,0.38049560351718625
embeddings,0.3002645502645503,0.38049560351718625
embeddings,0.3002645502645503,0.38369304556354916
embeddings,0.30158730158730157,0.38369304556354916
embeddings,0.30158730158730157,0.3844924060751399
embeddings,0.30423280423280424,0.3844924060751399
embeddings,0.30423280423280424,0.38609112709832133
embeddings,0.3055555555555556,0.38609112709832133
embeddings,0.3055555555555556,0.39248601119104715
embeddings,0.30687830687830686,0.39248601119104715
embeddings,0.30687830687830686,0.3932853717026379
embeddings,0.3082010582010582,0.3932853717026379
embeddings,0.3082010582010582,0.3964828137490008
embeddings,0.30952380952380953,0.3964828137490008
embeddings,0.30952380952380953,0.39888089528377296
embeddings,0.31084656084656087,0.39888089528377296
embeddings,0.31084656084656087,0.4028776978417266
embeddings,0.31613756613756616,0.4028776978417266
embeddings,0.31613756613756616,0.4052757793764988
embeddings,0.31746031746031744,0.4052757793764988
embeddings,0.31746031746031744,0.40687450039968026
embeddings,0.3201058201058201,0.40687450039968026
embeddings,0.3201058201058201,0.407673860911271
embeddings,0.32275132275132273,0.407673860911271
embeddings,0.32275132275132273,0.4084732214228617
embeddings,0.328042328042328,0.4084732214228617
embeddings,0.328042328042328,0.4108713029576339
embeddings,0.32936507936507936,0.4108713029576339
embeddings,0.32936507936507936,0.41247002398081534
embeddings,0.3333333333333333,0.41247002398081534
embeddings,0.3333333333333333,0.4172661870503597
embeddings,0.33465608465608465,0.4172661870503597
embeddings,0.33465608465608465,0.4180655475619504
embeddings,0.3373015873015873,0.4180655475619504
embeddings,0.3373015873015873,0.42366107114308554
embeddings,0.3412698412698413,0.42366107114308554
embeddings,0.3412698412698413,0.4244604316546763
embeddings,0.3425925925925926,0.4244604316546763
embeddings,0.3425925925925926,0.4276578737010392
embeddings,0.34523809523809523,0.4276578737010392
embeddings,0.34523809523809523,0.4292565947242206
embeddings,0.34656084656084657,0.4292565947242206
embeddings,0.34656084656084657,0.43325339728217427
embeddings,0.3478835978835979,0.43325339728217427
embeddings,0.3478835978835979,0.434052757793765
embeddings,0.3492063492063492,0.434052757793765
embeddings,0.3492063492063492,0.4364508393285372
embeddings,0.35185185185185186,0.4364508393285372
embeddings,0.35185185185185186,0.43884892086330934
embeddings,0.3531746031746032,0.43884892086330934
embeddings,0.3531746031746032,0.4396482813749001
embeddings,0.3544973544973545,0.4396482813749001
embeddings,0.3544973544973545,0.4412470023980815
embeddings,0.3558201058201058,0.4412470023980815
embeddings,0.3558201058201058,0.44204636290967225
embeddings,0.35714285714285715,0.44204636290967225
embeddings,0.35714285714285715,0.44684252597921664
embeddings,0.3584656084656085,0.44684252597921664
embeddings,0.3584656084656085,0.44764188649080733
embeddings,0.35978835978835977,0.44764188649080733
embeddings,0.35978835978835977,0.44844124700239807
embeddings,0.36243386243386244,0.44844124700239807
embeddings,0.36243386243386244,0.45003996802557955
embeddings,0.3637566137566138,0.45003996802557955
embeddings,0.3637566137566138,0.45083932853717024
embeddings,0.3664021164021164,0.45083932853717024
embeddings,0.3664021164021164,0.4548361310951239
embeddings,0.36772486772486773,0.4548361310951239
embeddings,0.36772486772486773,0.45643485211830537
embeddings,0.36904761904761907,0.45643485211830537
embeddings,0.36904761904761907,0.4572342126298961
embeddings,0.37037037037037035,0.4572342126298961
embeddings,0.37037037037037035,0.46203037569944044
embeddings,0.3716931216931217,0.46203037569944044
embeddings,0.3716931216931217,0.46842525979216626
embeddings,0.37433862433862436,0.46842525979216626
embeddings,0.37433862433862436,0.4708233413269384
embeddings,0.376984126984127,0.4708233413269384
embeddings,0.376984126984127,0.4748201438848921
embeddings,0.3783068783068783,0.4748201438848921
embeddings,0.3783068783068783,0.4756195043964828
embeddings,0.37962962962962965,0.4756195043964828
embeddings,0.37962962962962965,0.47721822541966424
embeddings,0.38227513227513227,0.47721822541966424
embeddings,0.38227513227513227,0.478017585931255
embeddings,0.38492063492063494,0.478017585931255
embeddings,0.38492063492063494,0.47961630695443647
embeddings,0.38756613756613756,0.47961630695443647
embeddings,0.38756613756613756,0.48041566746602715
embeddings,0.39021164021164023,0.48041566746602715
embeddings,0.39021164021164023,0.48361310951239006
embeddings,0.3915343915343915,0.48361310951239006
embeddings,0.3915343915343915,0.4844124700239808
embeddings,0.39285714285714285,0.4844124700239808
embeddings,0.39285714285714285,0.4876099120703437
embeddings,0.3941798941798942,0.4876099120703437
embeddings,0.3941798941798942,0.48840927258193445
embeddings,0.3968253968253968,0.48840927258193445
embeddings,0.3968253968253968,0.49720223820943243
embeddings,0.39814814814814814,0.49720223820943243
embeddings,0.39814814814814814,0.4988009592326139
embeddings,0.3994708994708995,0.4988009592326139
embeddings,0.3994708994708995,0.49960031974420466
embeddings,0.4021164021164021,0.49960031974420466
embeddings,0.4021164021164021,0.5003996802557954
embeddings,0.40343915343915343,0.5003996802557954
embeddings,0.40343915343915343,0.5051958433253397
embeddings,0.40476190476190477,0.5051958433253397
embeddings,0.40476190476190477,0.5059952038369304
embeddings,0.4074074074074074,0.5059952038369304
embeddings,0.4074074074074074,0.5075939248601119
embeddings,0.4087301587301587,0.5075939248601119
embeddings,0.4087301587301587,0.5083932853717026
embeddings,0.41005291005291006,0.5083932853717026
embeddings,0.41005291005291006,0.5091926458832934
embeddings,0.4113756613756614,0.5091926458832934
embeddings,0.4113756613756614,0.5107913669064749
embeddings,0.4126984126984127,0.5107913669064749
embeddings,0.4126984126984127,0.5115907274180655
embeddings,0.4166666666666667,0.5115907274180655
embeddings,0.4166666666666667,0.5179856115107914
embeddings,0.41798941798941797,0.5179856115107914
embeddings,0.41798941798941797,0.518784972022382
embeddings,0.42063492063492064,0.518784972022382
embeddings,0.42063492063492064,0.5195843325339728
embeddings,0.421957671957672,0.5195843325339728
embeddings,0.421957671957672,0.5283772981614708
embeddings,0.42592592592592593,0.5283772981614708
embeddings,0.42592592592592593,0.5315747402078337
embeddings,0.42857142857142855,0.5315747402078337
embeddings,0.42857142857142855,0.5331734612310152
embeddings,0.4312169312169312,0.5331734612310152
embeddings,0.4312169312169312,0.5363709032773781
embeddings,0.4365079365079365,0.5363709032773781
embeddings,0.4365079365079365,0.539568345323741
embeddings,0.43915343915343913,0.539568345323741
embeddings,0.43915343915343913,0.5411670663469225
embeddings,0.4417989417989418,0.5411670663469225
embeddings,0.4417989417989418,0.5419664268585132
embeddings,0.44312169312169314,0.5419664268585132
embeddings,0.44312169312169314,0.5451638689048761
embeddings,0.44576719576719576,0.5451638689048761
embeddings,0.44576719576719576,0.5459632294164668
embeddings,0.4470899470899471,0.5459632294164668
embeddings,0.4470899470899471,0.5555555555555556
embeddings,0.44841269841269843,0.5555555555555556
embeddings,0.44841269841269843,0.5595523581135092
embeddings,0.45105820105820105,0.5595523581135092
embeddings,0.45105820105820105,0.5611510791366906
embeddings,0.4523809523809524,0.5611510791366906
embeddings,0.4523809523809524,0.5643485211830536
embeddings,0.4537037037037037,0.5643485211830536
embeddings,0.4537037037037037,0.565947242206235
embeddings,0.455026455026455,0.565947242206235
embeddings,0.455026455026455,0.5699440447641887
embeddings,0.45634920634920634,0.5699440447641887
embeddings,0.45634920634920634,0.5707434052757794
embeddings,0.4576719576719577,0.5707434052757794
embeddings,0.4576719576719577,0.5731414868105515
embeddings,0.458994708994709,0.5731414868105515
embeddings,0.458994708994709,0.5787370103916867
embeddings,0.4603174603174603,0.5787370103916867
embeddings,0.4603174603174603,0.580335731414868
embeddings,0.46164021164021163,0.580335731414868
embeddings,0.46164021164021163,0.5811350919264588
embeddings,0.46296296296296297,0.5811350919264588
embeddings,0.46296296296296297,0.5851318944844125
embeddings,0.4642857142857143,0.5851318944844125
embeddings,0.4642857142857143,0.5875299760191847
embeddings,0.4656084656084656,0.5875299760191847
embeddings,0.4656084656084656,0.5883293365307753
embeddings,0.4669312169312169,0.5883293365307753
embeddings,0.4669312169312169,0.5899280575539568
embeddings,0.4695767195767196,0.5899280575539568
embeddings,0.4695767195767196,0.5931254996003198
embeddings,0.4708994708994709,0.5931254996003198
embeddings,0.4708994708994709,0.5939248601119105
embeddings,0.4722222222222222,0.5939248601119105
embeddings,0.4722222222222222,0.595523581135092
embeddings,0.47354497354497355,0.595523581135092
embeddings,0.47354497354497355,0.5971223021582733
embeddings,0.4748677248677249,0.5971223021582733
embeddings,0.4748677248677249,0.5979216626698641
embeddings,0.47619047619047616,0.5979216626698641
embeddings,0.47619047619047616,0.6003197442046363
embeddings,0.4775132275132275,0.6003197442046363
embeddings,0.4775132275132275,0.601119104716227
embeddings,0.47883597883597884,0.601119104716227
embeddings,0.47883597883597884,0.6019184652278178
embeddings,0.48148148148148145,0.6019184652278178
embeddings,0.48148148148148145,0.6027178257394085
embeddings,0.48412698412698413,0.6027178257394085
embeddings,0.48412698412698413,0.6059152677857714
embeddings,0.4880952380952381,0.6059152677857714
embeddings,0.4880952380952381,0.6075139888089528
embeddings,0.49074074074074076,0.6075139888089528
embeddings,0.49074074074074076,0.6083133493205436
embeddings,0.49206349206349204,0.6083133493205436
embeddings,0.49206349206349204,0.6115107913669064
embeddings,0.4933862433862434,0.6115107913669064
embeddings,0.4933862433862434,0.6131095123900879
embeddings,0.4973544973544973,0.6131095123900879
embeddings,0.4973544973544973,0.6179056754596323
embeddings,0.49867724867724866,0.6179056754596323
embeddings,0.49867724867724866,0.6203037569944044
embeddings,0.5,0.6203037569944044
embeddings,0.5,0.6211031175059952
embeddings,0.503968253968254,0.6211031175059952
embeddings,0.503968253968254,0.6227018385291767
embeddings,0.5079365079365079,0.6227018385291767
embeddings,0.5079365079365079,0.6243005595523581
embeddings,0.5092592592592593,0.6243005595523581
embeddings,0.5092592592592593,0.6266986410871302
embeddings,0.5105820105820106,0.6266986410871302
embeddings,0.5105820105820106,0.6314948041566747
embeddings,0.5145502645502645,0.6314948041566747
embeddings,0.5145502645502645,0.6330935251798561
embeddings,0.5158730158730159,0.6330935251798561
embeddings,0.5158730158730159,0.6338928856914469
embeddings,0.5185185185185185,0.6338928856914469
embeddings,0.5185185185185185,0.6346922462030375
embeddings,0.5198412698412699,0.6346922462030375
embeddings,0.5198412698412699,0.6378896882494005
embeddings,0.5277777777777778,0.6378896882494005
embeddings,0.5277777777777778,0.6394884092725819
embeddings,0.5291005291005291,0.6394884092725819
embeddings,0.5291005291005291,0.6402877697841727
embeddings,0.5304232804232805,0.6402877697841727
embeddings,0.5304232804232805,0.6410871302957634
embeddings,0.533068783068783,0.6410871302957634
embeddings,0.533068783068783,0.6458832933653078
embeddings,0.5343915343915344,0.6458832933653078
embeddings,0.5343915343915344,0.6522781774580336
embeddings,0.5357142857142857,0.6522781774580336
embeddings,0.5357142857142857,0.653876898481215
embeddings,0.5370370370370371,0.653876898481215
embeddings,0.5370370370370371,0.6586730615507594
embeddings,0.5383597883597884,0.6586730615507594
embeddings,0.5383597883597884,0.6602717825739408
embeddings,0.5396825396825397,0.6602717825739408
embeddings,0.5396825396825397,0.6610711430855316
embeddings,0.5423280423280423,0.6610711430855316
embeddings,0.5423280423280423,0.6634692246203038
embeddings,0.544973544973545,0.6634692246203038
embeddings,0.544973544973545,0.6642685851318945
embeddings,0.5476190476190477,0.6642685851318945
embeddings,0.5476190476190477,0.6666666666666666
embeddings,0.548941798941799,0.6666666666666666
embeddings,0.548941798941799,0.6682653876898481
embeddings,0.5529100529100529,0.6682653876898481
embeddings,0.5529100529100529,0.6714628297362111
embeddings,0.5542328042328042,0.6714628297362111
embeddings,0.5542328042328042,0.6738609112709832
embeddings,0.5555555555555556,0.6738609112709832
embeddings,0.5555555555555556,0.6746602717825739
embeddings,0.5595238095238095,0.6746602717825739
embeddings,0.5595238095238095,0.6762589928057554
embeddings,0.5608465608465608,0.6762589928057554
embeddings,0.5608465608465608,0.6778577138289369
embeddings,0.5621693121693122,0.6778577138289369
embeddings,0.5621693121693122,0.6794564348521183
embeddings,0.5648148148148148,0.6794564348521183
embeddings,0.5648148148148148,0.6802557953637091
embeddings,0.5661375661375662,0.6802557953637091
embeddings,0.5661375661375662,0.6810551558752997
embeddings,0.5687830687830688,0.6810551558752997
embeddings,0.5687830687830688,0.6818545163868905
embeddings,0.5701058201058201,0.6818545163868905
embeddings,0.5701058201058201,0.6826538768984812
embeddings,0.5714285714285714,0.6826538768984812
embeddings,0.5714285714285714,0.6842525979216627
embeddings,0.5740740740740741,0.6842525979216627
embeddings,0.5740740740740741,0.6850519584332534
embeddings,0.5767195767195767,0.6850519584332534
embeddings,0.5767195767195767,0.6858513189448441
embeddings,0.578042328042328,0.6858513189448441
embeddings,0.578042328042328,0.6882494004796164
embeddings,0.5806878306878307,0.6882494004796164
embeddings,0.5806878306878307,0.6906474820143885
embeddings,0.582010582010582,0.6906474820143885
embeddings,0.582010582010582,0.6922462030375699
embeddings,0.5833333333333334,0.6922462030375699
embeddings,0.5833333333333334,0.6938449240607514
embeddings,0.5859788359788359,0.6938449240607514
embeddings,0.5859788359788359,0.6970423661071143
embeddings,0.5873015873015873,0.6970423661071143
embeddings,0.5873015873015873,0.697841726618705
embeddings,0.5912698412698413,0.697841726618705
embeddings,0.5912698412698413,0.6994404476418865
embeddings,0.5925925925925926,0.6994404476418865
embeddings,0.5925925925925926,0.7026378896882494
embeddings,0.5952380952380952,0.7026378896882494
embeddings,0.5952380952380952,0.7034372501998402
embeddings,0.5965608465608465,0.7034372501998402
embeddings,0.5965608465608465,0.7042366107114308
embeddings,0.5978835978835979,0.7042366107114308
embeddings,0.5978835978835979,0.7050359712230215
embeddings,0.6005291005291006,0.7050359712230215
embeddings,0.6005291005291006,0.706634692246203
embeddings,0.6018518518518519,0.706634692246203
embeddings,0.6018518518518519,0.7074340527577938
embeddings,0.6044973544973545,0.7074340527577938
embeddings,0.6044973544973545,0.709832134292566
embeddings,0.6071428571428571,0.709832134292566
embeddings,0.6071428571428571,0.7114308553157475
embeddings,0.6111111111111112,0.7114308553157475
embeddings,0.6111111111111112,0.7170263788968825
embeddings,0.6150793650793651,0.7170263788968825
embeddings,0.6150793650793651,0.718625099920064
embeddings,0.6177248677248677,0.718625099920064
embeddings,0.6177248677248677,0.7210231814548361
embeddings,0.6203703703703703,0.7210231814548361
embeddings,0.6203703703703703,0.7258193445243805
embeddings,0.6216931216931217,0.7258193445243805
embeddings,0.6216931216931217,0.7266187050359713
embeddings,0.6243386243386243,0.7266187050359713
embeddings,0.6243386243386243,0.7274180655475619
embeddings,0.6256613756613757,0.7274180655475619
embeddings,0.6256613756613757,0.7290167865707434
embeddings,0.626984126984127,0.7290167865707434
embeddings,0.626984126984127,0.7298161470823341
embeddings,0.6335978835978836,0.7298161470823341
embeddings,0.6335978835978836,0.7322142286171063
embeddings,0.6349206349206349,0.7322142286171063
embeddings,0.6349206349206349,0.7338129496402878
embeddings,0.6402116402116402,0.7338129496402878
embeddings,0.6402116402116402,0.7354116706634692
embeddings,0.6415343915343915,0.7354116706634692
embeddings,0.6415343915343915,0.7362110311750599
embeddings,0.6468253968253969,0.7362110311750599
embeddings,0.6468253968253969,0.7394084732214229
embeddings,0.6481481481481481,0.7394084732214229
embeddings,0.6481481481481481,0.7402078337330136
embeddings,0.6494708994708994,0.7402078337330136
embeddings,0.6494708994708994,0.7410071942446043
embeddings,0.6521164021164021,0.7410071942446043
embeddings,0.6521164021164021,0.7434052757793765
embeddings,0.6534391534391535,0.7434052757793765
embeddings,0.6534391534391535,0.7442046362909672
embeddings,0.6547619047619048,0.7442046362909672
embeddings,0.6547619047619048,0.7450039968025579
embeddings,0.6574074074074074,0.7450039968025579
embeddings,0.6574074074074074,0.7458033573141487
embeddings,0.6587301587301587,0.7458033573141487
embeddings,0.6587301587301587,0.7466027178257394
embeddings,0.66005291005291,0.7466027178257394
embeddings,0.66005291005291,0.7474020783373302
embeddings,0.6613756613756614,0.7474020783373302
embeddings,0.6613756613756614,0.7498001598721024
embeddings,0.6653439153439153,0.7498001598721024
embeddings,0.6653439153439153,0.7513988808952837
embeddings,0.6666666666666666,0.7513988808952837
embeddings,0.6666666666666666,0.7521982414068745
embeddings,0.667989417989418,0.7521982414068745
embeddings,0.667989417989418,0.7577937649880095
embeddings,0.6693121693121693,0.7577937649880095
embeddings,0.6693121693121693,0.7601918465227818
embeddings,0.671957671957672,0.7601918465227818
embeddings,0.671957671957672,0.7609912070343725
embeddings,0.6759259259259259,0.7609912070343725
embeddings,0.6759259259259259,0.7617905675459632
embeddings,0.6772486772486772,0.7617905675459632
embeddings,0.6772486772486772,0.7649880095923262
embeddings,0.6785714285714286,0.7649880095923262
embeddings,0.6785714285714286,0.7665867306155076
embeddings,0.6798941798941799,0.7665867306155076
embeddings,0.6798941798941799,0.7673860911270983
embeddings,0.6838624338624338,0.7673860911270983
embeddings,0.6838624338624338,0.7689848121502798
embeddings,0.6851851851851852,0.7689848121502798
embeddings,0.6851851851851852,0.7705835331734612
embeddings,0.6878306878306878,0.7705835331734612
embeddings,0.6878306878306878,0.771382893685052
embeddings,0.6891534391534392,0.771382893685052
embeddings,0.6891534391534392,0.7737809752198241
embeddings,0.6904761904761905,0.7737809752198241
embeddings,0.6904761904761905,0.78017585931255
embeddings,0.6970899470899471,0.78017585931255
embeddings,0.6970899470899471,0.7809752198241406
embeddings,0.6997354497354498,0.7809752198241406
embeddings,0.6997354497354498,0.7841726618705036
embeddings,0.701058201058201,0.7841726618705036
embeddings,0.701058201058201,0.7857713828936851
embeddings,0.705026455026455,0.7857713828936851
embeddings,0.705026455026455,0.7865707434052758
embeddings,0.708994708994709,0.7865707434052758
embeddings,0.708994708994709,0.7873701039168665
embeddings,0.7129629629629629,0.7873701039168665
embeddings,0.7129629629629629,0.7881694644284573
embeddings,0.716931216931217,0.7881694644284573
embeddings,0.716931216931217,0.7897681854516387
embeddings,0.7208994708994709,0.7897681854516387
embeddings,0.7208994708994709,0.7929656274980016
embeddings,0.7222222222222222,0.7929656274980016
embeddings,0.7222222222222222,0.7969624300559552
embeddings,0.7235449735449735,0.7969624300559552
embeddings,0.7235449735449735,0.7977617905675459
embeddings,0.7248677248677249,0.7977617905675459
embeddings,0.7248677248677249,0.7985611510791367
embeddings,0.7314814814814815,0.7985611510791367
embeddings,0.7314814814814815,0.7993605115907274
embeddings,0.7328042328042328,0.7993605115907274
embeddings,0.7328042328042328,0.8009592326139089
embeddings,0.7341269841269841,0.8009592326139089
embeddings,0.7341269841269841,0.8073541167066347
embeddings,0.7380952380952381,0.8073541167066347
embeddings,0.7380952380952381,0.8097521982414069
embeddings,0.7420634920634921,0.8097521982414069
embeddings,0.7420634920634921,0.812150279776179
embeddings,0.7447089947089947,0.812150279776179
embeddings,0.7447089947089947,0.8145483613109512
embeddings,0.746031746031746,0.8145483613109512
embeddings,0.746031746031746,0.815347721822542
embeddings,0.7486772486772487,0.815347721822542
embeddings,0.7486772486772487,0.8161470823341327
embeddings,0.7526455026455027,0.8161470823341327
embeddings,0.7526455026455027,0.8169464428457234
embeddings,0.753968253968254,0.8169464428457234
embeddings,0.753968253968254,0.8193445243804957
embeddings,0.7566137566137566,0.8193445243804957
embeddings,0.7566137566137566,0.8217426059152678
embeddings,0.7605820105820106,0.8217426059152678
embeddings,0.7605820105820106,0.8249400479616307
embeddings,0.7619047619047619,0.8249400479616307
embeddings,0.7619047619047619,0.8305355715427658
embeddings,0.7671957671957672,0.8305355715427658
embeddings,0.7671957671957672,0.8321342925659473
embeddings,0.7685185185185185,0.8321342925659473
embeddings,0.7685185185185185,0.832933653077538
embeddings,0.7698412698412699,0.832933653077538
embeddings,0.7698412698412699,0.8337330135891287
embeddings,0.7738095238095238,0.8337330135891287
embeddings,0.7738095238095238,0.8353317346123101
embeddings,0.7764550264550265,0.8353317346123101
embeddings,0.7764550264550265,0.8377298161470823
embeddings,0.7777777777777778,0.8377298161470823
embeddings,0.7777777777777778,0.8385291766586731
embeddings,0.7791005291005291,0.8385291766586731
embeddings,0.7791005291005291,0.8409272581934453
embeddings,0.7804232804232805,0.8409272581934453
embeddings,0.7804232804232805,0.8433253397282174
embeddings,0.7817460317460317,0.8433253397282174
embeddings,0.7817460317460317,0.8457234212629896
embeddings,0.7843915343915344,0.8457234212629896
embeddings,0.7843915343915344,0.8513189448441247
embeddings,0.7857142857142857,0.8513189448441247
embeddings,0.7857142857142857,0.8529176658673061
embeddings,0.7870370370370371,0.8529176658673061
embeddings,0.7870370370370371,0.8561151079136691
embeddings,0.7896825396825397,0.8561151079136691
embeddings,0.7896825396825397,0.8577138289368506
embeddings,0.7923280423280423,0.8577138289368506
embeddings,0.7923280423280423,0.8585131894484412
embeddings,0.8015873015873016,0.8585131894484412
embeddings,0.8015873015873016,0.8617106314948042
embeddings,0.8055555555555556,0.8617106314948042
embeddings,0.8055555555555556,0.8625099920063949
embeddings,0.8082010582010583,0.8625099920063949
embeddings,0.8082010582010583,0.8657074340527577
embeddings,0.8108465608465608,0.8657074340527577
embeddings,0.8108465608465608,0.8713029576338929
embeddings,0.8121693121693122,0.8713029576338929
embeddings,0.8121693121693122,0.8729016786570744
embeddings,0.8148148148148148,0.8729016786570744
embeddings,0.8148148148148148,0.8784972022382095
embeddings,0.8161375661375662,0.8784972022382095
embeddings,0.8161375661375662,0.882494004796163
embeddings,0.8174603174603174,0.882494004796163
embeddings,0.8174603174603174,0.8848920863309353
embeddings,0.8187830687830688,0.8848920863309353
embeddings,0.8187830687830688,0.885691446842526
embeddings,0.8214285714285714,0.885691446842526
embeddings,0.8214285714285714,0.8864908073541167
embeddings,0.8240740740740741,0.8864908073541167
embeddings,0.8240740740740741,0.8880895283772982
embeddings,0.8253968253968254,0.8880895283772982
embeddings,0.8253968253968254,0.8912869704236611
embeddings,0.8267195767195767,0.8912869704236611
embeddings,0.8267195767195767,0.8920863309352518
embeddings,0.8293650793650794,0.8920863309352518
embeddings,0.8293650793650794,0.8928856914468425
embeddings,0.8306878306878307,0.8928856914468425
embeddings,0.8306878306878307,0.8936850519584333
embeddings,0.8359788359788359,0.8936850519584333
embeddings,0.8359788359788359,0.894484412470024
embeddings,0.8373015873015873,0.894484412470024
embeddings,0.8373015873015873,0.8952837729816147
embeddings,0.83994708994709,0.8952837729816147
embeddings,0.83994708994709,0.8992805755395683
embeddings,0.8412698412698413,0.8992805755395683
embeddings,0.8412698412698413,0.9000799360511591
embeddings,0.8452380952380952,0.9000799360511591
embeddings,0.8452380952380952,0.9008792965627498
embeddings,0.8465608465608465,0.9008792965627498
embeddings,0.8465608465608465,0.903277378097522
embeddings,0.8518518518518519,0.903277378097522
embeddings,0.8518518518518519,0.9040767386091128
embeddings,0.8531746031746031,0.9040767386091128
embeddings,0.8531746031746031,0.9064748201438849
embeddings,0.8544973544973545,0.9064748201438849
embeddings,0.8544973544973545,0.9080735411670664
embeddings,0.8558201058201058,0.9080735411670664
embeddings,0.8558201058201058,0.9088729016786571
embeddings,0.8571428571428571,0.9088729016786571
embeddings,0.8571428571428571,0.9104716227018386
embeddings,0.8597883597883598,0.9104716227018386
embeddings,0.8597883597883598,0.9128697042366107
embeddings,0.8611111111111112,0.9128697042366107
embeddings,0.8611111111111112,0.9152677857713829
embeddings,0.8650793650793651,0.9152677857713829
embeddings,0.8650793650793651,0.9160671462829736
embeddings,0.8703703703703703,0.9160671462829736
embeddings,0.8703703703703703,0.9184652278177458
embeddings,0.873015873015873,0.9184652278177458
embeddings,0.873015873015873,0.9216626698641087
embeddings,0.8743386243386243,0.9216626698641087
embeddings,0.8743386243386243,0.9240607513988809
embeddings,0.8756613756613757,0.9240607513988809
embeddings,0.8756613756613757,0.9272581934452439
embeddings,0.876984126984127,0.9272581934452439
embeddings,0.876984126984127,0.9280575539568345
embeddings,0.8783068783068783,0.9280575539568345
embeddings,0.8783068783068783,0.929656274980016
embeddings,0.8796296296296297,0.929656274980016
embeddings,0.8796296296296297,0.9336530775379697
embeddings,0.8888888888888888,0.9336530775379697
embeddings,0.8888888888888888,0.9344524380495604
embeddings,0.8902116402116402,0.9344524380495604
embeddings,0.8902116402116402,0.9360511590727418
embeddings,0.8941798941798942,0.9360511590727418
embeddings,0.8941798941798942,0.9392486011191047
embeddings,0.8968253968253969,0.9392486011191047
embeddings,0.8968253968253969,0.9424460431654677
embeddings,0.8981481481481481,0.9424460431654677
embeddings,0.8981481481481481,0.9432454036770583
embeddings,0.8994708994708994,0.9432454036770583
embeddings,0.8994708994708994,0.9440447641886491
embeddings,0.9007936507936508,0.9440447641886491
embeddings,0.9007936507936508,0.9448441247002398
embeddings,0.9021164021164021,0.9448441247002398
embeddings,0.9021164021164021,0.9480415667466027
embeddings,0.9034391534391535,0.9480415667466027
embeddings,0.9034391534391535,0.9488409272581935
embeddings,0.9047619047619048,0.9488409272581935
embeddings,0.9047619047619048,0.9496402877697842
embeddings,0.9087301587301587,0.9496402877697842
embeddings,0.9087301587301587,0.9512390087929656
embeddings,0.9113756613756614,0.9512390087929656
embeddings,0.9113756613756614,0.9520383693045563
embeddings,0.9126984126984127,0.9520383693045563
embeddings,0.9126984126984127,0.9528377298161471
embeddings,0.9153439153439153,0.9528377298161471
embeddings,0.9153439153439153,0.9552358113509193
embeddings,0.9193121693121693,0.9552358113509193
embeddings,0.9193121693121693,0.95603517186251
embeddings,0.9206349206349206,0.95603517186251
embeddings,0.9206349206349206,0.9568345323741008
embeddings,0.921957671957672,0.9568345323741008
embeddings,0.921957671957672,0.9584332533972821
embeddings,0.9232804232804233,0.9584332533972821
embeddings,0.9232804232804233,0.9592326139088729
embeddings,0.9246031746031746,0.9592326139088729
embeddings,0.9246031746031746,0.9608313349320543
embeddings,0.9285714285714286,0.9608313349320543
embeddings,0.9285714285714286,0.9616306954436451
embeddings,0.9351851851851852,0.9616306954436451
embeddings,0.9351851851851852,0.9632294164668266
embeddings,0.9365079365079365,0.9632294164668266
embeddings,0.9365079365079365,0.964828137490008
embeddings,0.9404761904761905,0.964828137490008
embeddings,0.9404761904761905,0.9656274980015987
embeddings,0.9444444444444444,0.9656274980015987
embeddings,0.9444444444444444,0.9672262190247801
embeddings,0.9470899470899471,0.9672262190247801
embeddings,0.9470899470899471,0.9696243005595524
embeddings,0.9484126984126984,0.9696243005595524
embeddings,0.9484126984126984,0.9728217426059153
embeddings,0.9563492063492064,0.9728217426059153
embeddings,0.9563492063492064,0.9752198241406874
embeddings,0.958994708994709,0.9752198241406874
embeddings,0.958994708994709,0.9760191846522782
embeddings,0.9603174603174603,0.9760191846522782
embeddings,0.9603174603174603,0.9768185451638689
embeddings,0.9642857142857143,0.9768185451638689
embeddings,0.9642857142857143,0.9784172661870504
embeddings,0.9656084656084656,0.9784172661870504
embeddings,0.9656084656084656,0.9792166266986411
embeddings,0.9682539682539683,0.9792166266986411
embeddings,0.9682539682539683,0.9800159872102319
embeddings,0.9708994708994709,0.9800159872102319
embeddings,0.9708994708994709,0.982414068745004
embeddings,0.9748677248677249,0.982414068745004
embeddings,0.9748677248677249,0.9832134292565947
embeddings,0.9761904761904762,0.9832134292565947
embeddings,0.9761904761904762,0.9840127897681854
embeddings,0.9775132275132276,0.9840127897681854
embeddings,0.9775132275132276,0.9856115107913669
embeddings,0.9801587301587301,0.9856115107913669
embeddings,0.9801587301587301,0.9864108713029577
embeddings,0.9828042328042328,0.9864108713029577
embeddings,0.9828042328042328,0.9888089528377298
embeddings,0.9867724867724867,0.9888089528377298
embeddings,0.9867724867724867,0.991207034372502
embeddings,0.9880952380952381,0.991207034372502
embeddings,0.9880952380952381,0.9920063948840927
embeddings,0.9894179894179894,0.9920063948840927
embeddings,0.9894179894179894,0.9928057553956835
embeddings,0.9907407407407407,0.9928057553956835
embeddings,0.9907407407407407,0.9936051159072742
embeddings,0.9920634920634921,0.9936051159072742
embeddings,0.9920634920634921,0.996802557953637
embeddings,0.9947089947089947,0.996802557953637
embeddings,0.9947089947089947,0.9976019184652278
embeddings,0.996031746031746,0.9976019184652278
embeddings,0.996031746031746,0.9992006394884093
embeddings,1.0,0.9992006394884093
embeddings,1.0,1.0
